PID,file_source_PrimaryAccel,date_processed_PrimaryAccel,file_source_IMU,date_processed_IMU,Timestamp,day_of_year,minute_of_day,ENMO,Gyroscope_VM_DegPerS,mean_abs_Gyroscope_x_DegPerS,mean_abs_Gyroscope_y_DegPerS,mean_abs_Gyroscope_z_DegPerS,mean_magnetometer_direction,ENMO_CV10s,GVM_CV10s,Direction
Test,TestID_LeftWrist_RAW.csv,2018-03-15T06:16:35.396961Z,TestID_LeftWrist_IMU.csv,2018-03-15T06:16:44.543817Z,2015-11-12 15:45:00,316,945,91.8106381339,0.698527015852067,0.220736541040769,0.584634800089971,0.3059072152658,S,13.3261508734587,1.19745194518154,
Test,TestID_LeftWrist_RAW.csv,2018-03-15T06:16:35.396961Z,TestID_LeftWrist_IMU.csv,2018-03-15T06:16:44.543817Z,2015-11-12 15:45:01,316,945,63.9068994313057,0.697632999310121,0.234419036171498,0.571351432669069,0.320336463697075,S,0.643335355951745,1.0903678122599,
Test,TestID_LeftWrist_RAW.csv,2018-03-15T06:16:35.396961Z,TestID_LeftWrist_IMU.csv,2018-03-15T06:16:44.543817Z,2015-11-12 15:45:02,316,945,63.703505541033,0.680688631572259,0.217672510433345,0.56287969656761,0.31013929739429,S,0.643335355951745,1.01063319342043,0
Test,TestID_LeftWrist_RAW.csv,2018-03-15T06:16:35.396961Z,TestID_LeftWrist_IMU.csv,2018-03-15T06:16:44.543817Z,2015-11-12 15:45:03,316,945,64.2420785691076,0.68063734336944,0.238204209796679,0.560650466717089,0.300194306465805,S,0.643335355951745,1.01063319342043,0
Test,TestID_LeftWrist_RAW.csv,2018-03-15T06:16:35.396961Z,TestID_LeftWrist_IMU.csv,2018-03-15T06:16:44.543817Z,2015-11-12 15:45:04,316,945,63.7005947075147,0.69268517879744,0.227440964583401,0.574299977389588,0.308359253604706,S,0.643335355951745,1.01063319342043,0
Test,TestID_LeftWrist_RAW.csv,2018-03-15T06:16:35.396961Z,TestID_LeftWrist_IMU.csv,2018-03-15T06:16:44.543817Z,2015-11-12 15:45:05,316,945,63.5834552049635,0.698912647628309,0.229055451821951,0.574624358502503,0.319101432703584,S,0.643335355951745,0.970174581606349,0
Test,TestID_LeftWrist_RAW.csv,2018-03-15T06:16:35.396961Z,TestID_LeftWrist_IMU.csv,2018-03-15T06:16:44.543817Z,2015-11-12 15:45:06,316,945,63.577948827634,0.678405694576188,0.226903217486018,0.557155126653936,0.308720922754764,S,0.643335355951745,0.598062997024908,0
Test,TestID_LeftWrist_RAW.csv,2018-03-15T06:16:35.396961Z,TestID_LeftWrist_IMU.csv,2018-03-15T06:16:44.543817Z,2015-11-12 15:45:07,316,945,63.5062007418779,0.685647322462807,0.230073443641024,0.563345170926514,0.311944522717269,S,0.643335355951745,0.598062997024908,0
Test,TestID_LeftWrist_RAW.csv,2018-03-15T06:16:35.396961Z,TestID_LeftWrist_IMU.csv,2018-03-15T06:16:44.543817Z,2015-11-12 15:45:08,316,945,63.6437654375492,0.685547520916382,0.238125458429558,0.562106106451578,0.306957440049169,S,0.643335355951745,0.598062997024908,0
Test,TestID_LeftWrist_RAW.csv,2018-03-15T06:16:35.396961Z,TestID_LeftWrist_IMU.csv,2018-03-15T06:16:44.543817Z,2015-11-12 15:45:09,316,945,64.0337527161329,0.680593210340512,0.227741828583348,0.562216119257211,0.303398319839367,S,0.643335355951745,0.598062997024908,0
Test,TestID_LeftWrist_RAW.csv,2018-03-15T06:16:35.396961Z,TestID_LeftWrist_IMU.csv,2018-03-15T06:16:44.543817Z,2015-11-12 15:45:10,316,945,64.8425871616777,0.682266735373505,0.233230273323704,0.562088735080702,0.304537213410784,S,0.578459360794296,0.598062997024908,0
Test,TestID_LeftWrist_RAW.csv,2018-03-15T06:16:35.396961Z,TestID_LeftWrist_IMU.csv,2018-03-15T06:16:44.543817Z,2015-11-12 15:45:11,316,945,64.8257145661782,0.676289227386362,0.231173232572162,0.560315935939105,0.294237546945865,S,0.578459360794296,0.598062997024908,0
Test,TestID_LeftWrist_RAW.csv,2018-03-15T06:16:35.396961Z,TestID_LeftWrist_IMU.csv,2018-03-15T06:16:44.543817Z,2015-11-12 15:45:12,316,945,65.2616751409717,0.676523437306943,0.210199221922621,0.554626914677562,0.320482702774683,S,0.578459360794296,0.598062997024908,0
Test,TestID_LeftWrist_RAW.csv,2018-03-15T06:16:35.396961Z,TestID_LeftWrist_IMU.csv,2018-03-15T06:16:44.543817Z,2015-11-12 15:45:13,316,945,65.2785860136369,0.679311038098058,0.231213352530281,0.5629694803374,0.297962880657315,S,0.578459360794296,0.598062997024908,0
Test,TestID_LeftWrist_RAW.csv,2018-03-15T06:16:35.396961Z,TestID_LeftWrist_IMU.csv,2018-03-15T06:16:44.543817Z,2015-11-12 15:45:14,316,945,64.2824786655341,0.683899533760732,0.227137141908654,0.560767249698153,0.31487563950976,S,0.578459360794296,0.598062997024908,0
Test,TestID_LeftWrist_RAW.csv,2018-03-15T06:16:35.396961Z,TestID_LeftWrist_IMU.csv,2018-03-15T06:16:44.543817Z,2015-11-12 15:45:15,316,945,65.2904371151688,0.68804011520843,0.231105815483622,0.562771561814235,0.316148727452353,S,0.578459360794296,0.598062997024908,0
Test,TestID_LeftWrist_RAW.csv,2018-03-15T06:16:35.396961Z,TestID_LeftWrist_IMU.csv,2018-03-15T06:16:44.543817Z,2015-11-12 15:45:16,316,945,65.5951330451238,0.699974731705312,0.231950188882509,0.578109422474771,0.315490761119202,S,0.578459360794296,1.00873677910236,0
Test,TestID_LeftWrist_RAW.csv,2018-03-15T06:16:35.396961Z,TestID_LeftWrist_IMU.csv,2018-03-15T06:16:44.543817Z,2015-11-12 15:45:17,316,945,65.1501366224894,0.672541704226183,0.21417825444787,0.555888363275841,0.307692409880319,S,0.578459360794296,1.01563631014867,0
Test,TestID_LeftWrist_RAW.csv,2018-03-15T06:16:35.396961Z,TestID_LeftWrist_IMU.csv,2018-03-15T06:16:44.543817Z,2015-11-12 15:45:18,316,945,65.4115480737867,0.681956002780609,0.220572881344585,0.564569022449485,0.307592459498915,S,0.578459360794296,0.999441981622401,0
Test,TestID_LeftWrist_RAW.csv,2018-03-15T06:16:35.396961Z,TestID_LeftWrist_IMU.csv,2018-03-15T06:16:44.543817Z,2015-11-12 15:45:19,316,945,65.2820622849602,0.692951939606255,0.225224259713786,0.570602879305735,0.316299435011503,S,0.549897371033197,0.999441981622401,0
Test,TestID_LeftWrist_RAW.csv,2018-03-15T06:16:35.396961Z,TestID_LeftWrist_IMU.csv,2018-03-15T06:16:44.543817Z,2015-11-12 15:45:20,316,945,66.4436309217589,0.677309304425743,0.220881151408862,0.558659626936523,0.307427735883866,S,0.476983764156056,0.999441981622401,0
Test,TestID_LeftWrist_RAW.csv,2018-03-15T06:16:35.396961Z,TestID_LeftWrist_IMU.csv,2018-03-15T06:16:44.543817Z,2015-11-12 15:45:21,316,945,66.1293292460911,0.6783829748016,0.215299305515302,0.560820172678206,0.310840219644129,S,0.402885505225667,0.999441981622401,0
Test,TestID_LeftWrist_RAW.csv,2018-03-15T06:16:35.396961Z,TestID_LeftWrist_IMU.csv,2018-03-15T06:16:44.543817Z,2015-11-12 15:45:22,316,945,65.3464387749905,0.689200631222101,0.224024272842622,0.570570650537718,0.309767604813148,S,0.393407321699101,0.999441981622401,0
Test,TestID_LeftWrist_RAW.csv,2018-03-15T06:16:35.396961Z,TestID_LeftWrist_IMU.csv,2018-03-15T06:16:44.543817Z,2015-11-12 15:45:23,316,945,66.0791785536297,0.677031851208051,0.217275333102142,0.562852649734127,0.30245073673133,S,0.292751391259481,0.999441981622401,0
Test,TestID_LeftWrist_RAW.csv,2018-03-15T06:16:35.396961Z,TestID_LeftWrist_IMU.csv,2018-03-15T06:16:44.543817Z,2015-11-12 15:45:24,316,945,65.9282564729427,0.675738311863076,0.209429972074557,0.561683042345402,0.30556392994707,S,0.292751391259481,0.999441981622401,0
Test,TestID_LeftWrist_RAW.csv,2018-03-15T06:16:35.396961Z,TestID_LeftWrist_IMU.csv,2018-03-15T06:16:44.543817Z,2015-11-12 15:45:25,316,945,65.5413185110781,0.687084286755645,0.222922090026632,0.56561895584714,0.316209761661589,S,0.292751391259481,0.891289620659436,0
Test,TestID_LeftWrist_RAW.csv,2018-03-15T06:16:35.396961Z,TestID_LeftWrist_IMU.csv,2018-03-15T06:16:44.543817Z,2015-11-12 15:45:26,316,945,65.9547941360025,0.688778015711538,0.223250472840748,0.569183989563485,0.312526607837531,S,0.292751391259481,0.88755386624123,0
Test,TestID_LeftWrist_RAW.csv,2018-03-15T06:16:35.396961Z,TestID_LeftWrist_IMU.csv,2018-03-15T06:16:44.543817Z,2015-11-12 15:45:27,316,945,65.8296893730828,0.693177542168046,0.227065076182543,0.569259141976726,0.319231724438456,S,0.292751391259481,0.885413503523457,0
Test,TestID_LeftWrist_RAW.csv,2018-03-15T06:16:35.396961Z,TestID_LeftWrist_IMU.csv,2018-03-15T06:16:44.543817Z,2015-11-12 15:45:28,316,945,65.9405179905505,0.687132927269832,0.231380871991053,0.571400729315876,0.298388542609175,S,0.292751391259481,0.885413503523457,0
Test,TestID_LeftWrist_RAW.csv,2018-03-15T06:16:35.396961Z,TestID_LeftWrist_IMU.csv,2018-03-15T06:16:44.543817Z,2015-11-12 15:45:29,316,945,66.1801551175202,0.702684252991455,0.23806170955328,0.572853637196569,0.325413469022674,S,0.292751391259481,0.885413503523457,0
Test,TestID_LeftWrist_RAW.csv,2018-03-15T06:16:35.396961Z,TestID_LeftWrist_IMU.csv,2018-03-15T06:16:44.543817Z,2015-11-12 15:45:30,316,945,65.7037961924079,0.698101613033391,0.249457762482823,0.569582310372527,0.313106767541829,S,0.292751391259481,0.765273567154689,0
Test,TestID_LeftWrist_RAW.csv,2018-03-15T06:16:35.396961Z,TestID_LeftWrist_IMU.csv,2018-03-15T06:16:44.543817Z,2015-11-12 15:45:31,316,945,66.0671904440644,0.683084414757515,0.227921287556689,0.561473444816837,0.310460384427421,S,0.292751391259481,0.539740559027574,0
Test,TestID_LeftWrist_RAW.csv,2018-03-15T06:16:35.396961Z,TestID_LeftWrist_IMU.csv,2018-03-15T06:16:44.543817Z,2015-11-12 15:45:32,316,945,65.7625292325609,0.687500677422212,0.225136084136461,0.561045681146785,0.321894454286183,S,0.292751391259481,0.539740559027574,0
Test,TestID_LeftWrist_RAW.csv,2018-03-15T06:16:35.396961Z,TestID_LeftWrist_IMU.csv,2018-03-15T06:16:44.543817Z,2015-11-12 15:45:33,316,945,65.3638656954527,0.685839287434717,0.233580317839111,0.554227793288391,0.32521146709044,S,0.369641621399741,0.539740559027574,0
Test,TestID_LeftWrist_RAW.csv,2018-03-15T06:16:35.396961Z,TestID_LeftWrist_IMU.csv,2018-03-15T06:16:44.543817Z,2015-11-12 15:45:34,316,945,65.7306292698777,0.686238768610977,0.24411871029243,0.554059815330901,0.318084744134005,S,0.369641621399741,0.539740559027574,0
Test,TestID_LeftWrist_RAW.csv,2018-03-15T06:16:35.396961Z,TestID_LeftWrist_IMU.csv,2018-03-15T06:16:44.543817Z,2015-11-12 15:45:35,316,945,66.4619927614879,0.687613783289548,0.234871800262344,0.555349670186968,0.326496709425788,S,0.453938792999323,0.539740559027574,0
Test,TestID_LeftWrist_RAW.csv,2018-03-15T06:16:35.396961Z,TestID_LeftWrist_IMU.csv,2018-03-15T06:16:44.543817Z,2015-11-12 15:45:36,316,945,65.5985303912427,0.689722627008702,0.244265132008859,0.559152314646405,0.315711141601782,S,0.434992551329009,0.539740559027574,0
Test,TestID_LeftWrist_RAW.csv,2018-03-15T06:16:35.396961Z,TestID_LeftWrist_IMU.csv,2018-03-15T06:16:44.543817Z,2015-11-12 15:45:37,316,945,66.0426407619664,0.677374549001339,0.229030833538388,0.554784471927368,0.308682522907043,S,0.424979323852364,0.539740559027574,0
Test,TestID_LeftWrist_RAW.csv,2018-03-15T06:16:35.396961Z,TestID_LeftWrist_IMU.csv,2018-03-15T06:16:44.543817Z,2015-11-12 15:45:38,316,945,65.7154870462534,0.684163763754331,0.239676025933284,0.551586288597318,0.321052643736741,S,0.421770577150849,0.539740559027574,0
Test,TestID_LeftWrist_RAW.csv,2018-03-15T06:16:35.396961Z,TestID_LeftWrist_IMU.csv,2018-03-15T06:16:44.543817Z,2015-11-12 15:45:39,316,945,65.4420469136174,0.685911848879593,0.234996432274842,0.557339874692366,0.318621200055017,S,0.414501352881816,0.539740559027574,0
Test,TestID_LeftWrist_RAW.csv,2018-03-15T06:16:35.396961Z,TestID_LeftWrist_IMU.csv,2018-03-15T06:16:44.543817Z,2015-11-12 15:45:40,316,945,66.2962710898547,0.69032703067983,0.237419009652186,0.562921148874959,0.318000031530648,S,0.412828102317525,0.539740559027574,0
Test,TestID_LeftWrist_RAW.csv,2018-03-15T06:16:35.396961Z,TestID_LeftWrist_IMU.csv,2018-03-15T06:16:44.543817Z,2015-11-12 15:45:41,316,945,65.686933146231,0.677702943376616,0.242419088497745,0.549804200000744,0.309766952325162,S,0.412828102317525,0.64965154209596,0
Test,TestID_LeftWrist_RAW.csv,2018-03-15T06:16:35.396961Z,TestID_LeftWrist_IMU.csv,2018-03-15T06:16:44.543817Z,2015-11-12 15:45:42,316,945,66.0315883523325,0.703099334719411,0.243495567717351,0.572616306077419,0.321168159541865,S,0.377068912871466,0.968323259301721,0
Test,TestID_LeftWrist_RAW.csv,2018-03-15T06:16:35.396961Z,TestID_LeftWrist_IMU.csv,2018-03-15T06:16:44.543817Z,2015-11-12 15:45:43,316,945,66.2229027668658,0.684279402602452,0.242227034271074,0.550535509658557,0.3218157622446,S,0.377068912871466,0.79929787980809,0
Test,TestID_LeftWrist_RAW.csv,2018-03-15T06:16:35.396961Z,TestID_LeftWrist_IMU.csv,2018-03-15T06:16:44.543817Z,2015-11-12 15:45:44,316,945,65.9118183121233,0.687694630530285,0.241151369535825,0.556642136651455,0.319925426151312,S,0.377068912871466,0.79929787980809,0
Test,TestID_LeftWrist_RAW.csv,2018-03-15T06:16:35.396961Z,TestID_LeftWrist_IMU.csv,2018-03-15T06:16:44.543817Z,2015-11-12 15:45:45,316,945,66.1481219093115,0.693603306737836,0.23512102174343,0.566835942978866,0.319215843355261,S,0.377068912871466,0.79929787980809,0
Test,TestID_LeftWrist_RAW.csv,2018-03-15T06:16:35.396961Z,TestID_LeftWrist_IMU.csv,2018-03-15T06:16:44.543817Z,2015-11-12 15:45:46,316,945,65.6574585955696,0.691393569717509,0.225153202625557,0.564179615025098,0.32514685128361,S,0.377068912871466,0.79929787980809,0
Test,TestID_LeftWrist_RAW.csv,2018-03-15T06:16:35.396961Z,TestID_LeftWrist_IMU.csv,2018-03-15T06:16:44.543817Z,2015-11-12 15:45:47,316,945,65.9909681480567,0.685593359062341,0.231809006023139,0.560147324706442,0.316062804414015,S,0.377068912871466,0.79929787980809,0
Test,TestID_LeftWrist_RAW.csv,2018-03-15T06:16:35.396961Z,TestID_LeftWrist_IMU.csv,2018-03-15T06:16:44.543817Z,2015-11-12 15:45:48,316,945,65.7883469463524,0.699273933368368,0.242553109833706,0.567720469792518,0.324117220642304,S,0.377068912871466,0.79929787980809,0
Test,TestID_LeftWrist_RAW.csv,2018-03-15T06:16:35.396961Z,TestID_LeftWrist_IMU.csv,2018-03-15T06:16:44.543817Z,2015-11-12 15:45:49,316,945,66.4954715054883,0.69208611264499,0.235460852513981,0.559689321214114,0.327566426891319,S,0.377068912871466,0.79929787980809,0
Test,TestID_LeftWrist_RAW.csv,2018-03-15T06:16:35.396961Z,TestID_LeftWrist_IMU.csv,2018-03-15T06:16:44.543817Z,2015-11-12 15:45:50,316,945,66.3132010091658,0.694646786609614,0.220778452294568,0.57232917992357,0.321782337115201,S,0.377068912871466,0.79929787980809,0
Test,TestID_LeftWrist_RAW.csv,2018-03-15T06:16:35.396961Z,TestID_LeftWrist_IMU.csv,2018-03-15T06:16:44.543817Z,2015-11-12 15:45:51,316,945,65.9744043946091,0.681887711117009,0.214986360187694,0.55987132804274,0.319935947158287,S,0.377068912871466,0.79929787980809,0
Test,TestID_LeftWrist_RAW.csv,2018-03-15T06:16:35.396961Z,TestID_LeftWrist_IMU.csv,2018-03-15T06:16:44.543817Z,2015-11-12 15:45:52,316,945,65.8341989431577,0.695223886364201,0.22160779320969,0.566394442016061,0.332094497412795,S,0.391661117505586,0.79929787980809,0
Test,TestID_LeftWrist_RAW.csv,2018-03-15T06:16:35.396961Z,TestID_LeftWrist_IMU.csv,2018-03-15T06:16:44.543817Z,2015-11-12 15:45:53,316,945,66.3130569776079,0.678847553605458,0.215393529125274,0.557887494332593,0.316383837716386,S,0.404859416436822,0.928053843684773,0
Test,TestID_LeftWrist_RAW.csv,2018-03-15T06:16:35.396961Z,TestID_LeftWrist_IMU.csv,2018-03-15T06:16:44.543817Z,2015-11-12 15:45:54,316,945,67.3620461210604,0.685240384690875,0.227690869078178,0.559550884597655,0.319062391290324,S,0.739589046554733,0.941678971483169,0
Test,TestID_LeftWrist_RAW.csv,2018-03-15T06:16:35.396961Z,TestID_LeftWrist_IMU.csv,2018-03-15T06:16:44.543817Z,2015-11-12 15:45:55,316,945,65.2847808948515,0.692676314559773,0.244115654885515,0.559704239916787,0.319694107857545,S,0.777025149415264,0.941678971483169,0
Test,TestID_LeftWrist_RAW.csv,2018-03-15T06:16:35.396961Z,TestID_LeftWrist_IMU.csv,2018-03-15T06:16:44.543817Z,2015-11-12 15:45:56,316,945,66.1729518972599,0.698021596594912,0.240451301988622,0.568318443490539,0.321593910669478,S,0.657662346275366,0.942909007713405,0
Test,TestID_LeftWrist_RAW.csv,2018-03-15T06:16:35.396961Z,TestID_LeftWrist_IMU.csv,2018-03-15T06:16:44.543817Z,2015-11-12 15:45:57,316,945,65.8251556031011,0.695735367124248,0.231473501409864,0.566552730222022,0.326532298364284,S,0.657662346275366,0.942909007713405,0
Test,TestID_LeftWrist_RAW.csv,2018-03-15T06:16:35.396961Z,TestID_LeftWrist_IMU.csv,2018-03-15T06:16:44.543817Z,2015-11-12 15:45:58,316,945,65.9256387842461,0.694367610932337,0.231888620865211,0.566768688128201,0.323015618407262,S,0.645086523629801,0.942909007713405,0
Test,TestID_LeftWrist_RAW.csv,2018-03-15T06:16:35.396961Z,TestID_LeftWrist_IMU.csv,2018-03-15T06:16:44.543817Z,2015-11-12 15:45:59,316,945,65.9446396668976,0.680860325303211,0.234908731822864,0.549517608580053,0.322855200017345,S,0.632687551438381,0.998379959674819,0
Test,TestID_LeftWrist_RAW.csv,2018-03-15T06:16:35.396961Z,TestID_LeftWrist_IMU.csv,2018-03-15T06:16:44.543817Z,2015-11-12 15:46:00,316,946,66.1209809084333,0.670192497075237,0.216753885333717,0.546897304656615,0.316722854525528,S,0.589591544025272,0.994480430485447,0
Test,TestID_LeftWrist_RAW.csv,2018-03-15T06:16:35.396961Z,TestID_LeftWrist_IMU.csv,2018-03-15T06:16:44.543817Z,2015-11-12 15:46:01,316,946,66.1969626325018,0.679892847991316,0.22401273998701,0.549223227519315,0.326404749948072,S,0.589591544025272,0.863699249628753,0
Test,TestID_LeftWrist_RAW.csv,2018-03-15T06:16:35.396961Z,TestID_LeftWrist_IMU.csv,2018-03-15T06:16:44.543817Z,2015-11-12 15:46:02,316,946,67.0912033083582,0.68359459008211,0.232555655395674,0.55046867614217,0.327265045163727,S,0.589591544025272,0.863699249628753,0
Test,TestID_LeftWrist_RAW.csv,2018-03-15T06:16:35.396961Z,TestID_LeftWrist_IMU.csv,2018-03-15T06:16:44.543817Z,2015-11-12 15:46:03,316,946,66.7298477692746,0.677406491434695,0.220732090682581,0.55046395797968,0.322344261443996,S,0.589591544025272,0.863699249628753,0
Test,TestID_LeftWrist_RAW.csv,2018-03-15T06:16:35.396961Z,TestID_LeftWrist_IMU.csv,2018-03-15T06:16:44.543817Z,2015-11-12 15:46:04,316,946,65.6698307493151,0.690182719426769,0.23745942440494,0.567103841848517,0.308416070687038,S,0.589591544025272,0.863699249628753,0
Test,TestID_LeftWrist_RAW.csv,2018-03-15T06:16:35.396961Z,TestID_LeftWrist_IMU.csv,2018-03-15T06:16:44.543817Z,2015-11-12 15:46:05,316,946,66.4535529244425,0.678119938119312,0.223452757206069,0.554825294575468,0.31584081094487,S,0.589591544025272,0.863699249628753,0
Test,TestID_LeftWrist_RAW.csv,2018-03-15T06:16:35.396961Z,TestID_LeftWrist_IMU.csv,2018-03-15T06:16:44.543817Z,2015-11-12 15:46:06,316,946,66.4826705675608,0.688530515878012,0.237591841032803,0.56083805409783,0.316245098005782,S,0.589591544025272,0.826399844047174,0
Test,TestID_LeftWrist_RAW.csv,2018-03-15T06:16:35.396961Z,TestID_LeftWrist_IMU.csv,2018-03-15T06:16:44.543817Z,2015-11-12 15:46:07,316,946,66.5775638323133,0.690208725231072,0.243351988690585,0.562658644273304,0.313042233869339,S,0.589591544025272,0.825295322268689,0
Test,TestID_LeftWrist_RAW.csv,2018-03-15T06:16:35.396961Z,TestID_LeftWrist_IMU.csv,2018-03-15T06:16:44.543817Z,2015-11-12 15:46:08,316,946,66.7177614298709,0.690112464127333,0.231406236777232,0.565375125448551,0.317542968019509,S,0.589591544025272,0.824651950766963,0
Test,TestID_LeftWrist_RAW.csv,2018-03-15T06:16:35.396961Z,TestID_LeftWrist_IMU.csv,2018-03-15T06:16:44.543817Z,2015-11-12 15:46:09,316,946,66.2950019979249,0.684574820864683,0.231177062837774,0.553639813707415,0.325007060679885,S,0.589591544025272,0.824651950766963,0
Test,TestID_LeftWrist_RAW.csv,2018-03-15T06:16:35.396961Z,TestID_LeftWrist_IMU.csv,2018-03-15T06:16:44.543817Z,2015-11-12 15:46:10,316,946,65.7837379674163,0.694763997670157,0.242894267561452,0.560819976307818,0.325579164591903,S,0.653372489255422,0.824651950766963,0
Test,TestID_LeftWrist_RAW.csv,2018-03-15T06:16:35.396961Z,TestID_LeftWrist_IMU.csv,2018-03-15T06:16:44.543817Z,2015-11-12 15:46:11,316,946,65.2415388254717,0.69833880498653,0.250405223621536,0.56577263057305,0.318974133090394,S,0.729378670308768,0.824651950766963,0
Test,TestID_LeftWrist_RAW.csv,2018-03-15T06:16:35.396961Z,TestID_LeftWrist_IMU.csv,2018-03-15T06:16:44.543817Z,2015-11-12 15:46:12,316,946,65.3934787278985,0.690708937161364,0.239202861303474,0.561073868843018,0.319024292561661,S,0.605953700242013,0.824651950766963,0
Test,TestID_LeftWrist_RAW.csv,2018-03-15T06:16:35.396961Z,TestID_LeftWrist_IMU.csv,2018-03-15T06:16:44.543817Z,2015-11-12 15:46:13,316,946,66.5045443226667,0.704812909922736,0.250948719636496,0.570567911524481,0.325161988715505,S,0.482145077041528,0.824651950766963,0
Test,TestID_LeftWrist_RAW.csv,2018-03-15T06:16:35.396961Z,TestID_LeftWrist_IMU.csv,2018-03-15T06:16:44.543817Z,2015-11-12 15:46:14,316,946,66.1052078377388,0.690058072536986,0.237896402376353,0.55413846169731,0.330814553249903,S,0.482145077041528,0.778217288426825,0
Test,TestID_LeftWrist_RAW.csv,2018-03-15T06:16:35.396961Z,TestID_LeftWrist_IMU.csv,2018-03-15T06:16:44.543817Z,2015-11-12 15:46:15,316,946,66.1237439949026,0.690094072002185,0.243474843853033,0.562246847724745,0.313537840976308,S,0.482145077041528,0.774148495844772,0
Test,TestID_LeftWrist_RAW.csv,2018-03-15T06:16:35.396961Z,TestID_LeftWrist_IMU.csv,2018-03-15T06:16:44.543817Z,2015-11-12 15:46:16,316,946,66.0587539149894,0.688637289012408,0.238716615951429,0.557155601696015,0.322438331265982,S,0.482145077041528,0.774148495844772,0
Test,TestID_LeftWrist_RAW.csv,2018-03-15T06:16:35.396961Z,TestID_LeftWrist_IMU.csv,2018-03-15T06:16:44.543817Z,2015-11-12 15:46:17,316,946,66.8832525051471,0.694683188478202,0.240574886933578,0.562810492328441,0.324003405752306,S,0.482145077041528,0.774148495844772,0
Test,TestID_LeftWrist_RAW.csv,2018-03-15T06:16:35.396961Z,TestID_LeftWrist_IMU.csv,2018-03-15T06:16:44.543817Z,2015-11-12 15:46:18,316,946,65.991000776571,0.677968976512714,0.222094027031124,0.553486065878341,0.317932104053062,S,0.436186422316927,0.774148495844772,0
Test,TestID_LeftWrist_RAW.csv,2018-03-15T06:16:35.396961Z,TestID_LeftWrist_IMU.csv,2018-03-15T06:16:44.543817Z,2015-11-12 15:46:19,316,946,66.2030992134184,0.684576619060734,0.225764931311114,0.564001513764735,0.310185048365892,S,0.436186422316927,0.653509531970972,0
Test,TestID_LeftWrist_RAW.csv,2018-03-15T06:16:35.396961Z,TestID_LeftWrist_IMU.csv,2018-03-15T06:16:44.543817Z,2015-11-12 15:46:20,316,946,65.7688074397669,0.685274201724811,0.225275262115298,0.55969016809094,0.31973856712785,S,0.436186422316927,0.581527769986137,0
Test,TestID_LeftWrist_RAW.csv,2018-03-15T06:16:35.396961Z,TestID_LeftWrist_IMU.csv,2018-03-15T06:16:44.543817Z,2015-11-12 15:46:21,316,946,65.9181066344011,0.68948224897008,0.214173422913007,0.567691459793037,0.322536929625338,S,0.436186422316927,0.494349034754927,0
Test,TestID_LeftWrist_RAW.csv,2018-03-15T06:16:35.396961Z,TestID_LeftWrist_IMU.csv,2018-03-15T06:16:44.543817Z,2015-11-12 15:46:22,316,946,66.3209607835491,0.697100255255306,0.229706516543689,0.572444368227826,0.31890945497272,S,0.436186422316927,0.494349034754927,0
Test,TestID_LeftWrist_RAW.csv,2018-03-15T06:16:35.396961Z,TestID_LeftWrist_IMU.csv,2018-03-15T06:16:44.543817Z,2015-11-12 15:46:23,316,946,65.6328690829206,0.68662549344605,0.217722942742198,0.564531769905661,0.319217218084166,S,0.436186422316927,0.494349034754927,0
Test,TestID_LeftWrist_RAW.csv,2018-03-15T06:16:35.396961Z,TestID_LeftWrist_IMU.csv,2018-03-15T06:16:44.543817Z,2015-11-12 15:46:24,316,946,65.9205337099976,0.688542645506688,0.21925357918014,0.571472648678355,0.310286928001711,S,0.436186422316927,0.494349034754927,0
Test,TestID_LeftWrist_RAW.csv,2018-03-15T06:16:35.396961Z,TestID_LeftWrist_IMU.csv,2018-03-15T06:16:44.543817Z,2015-11-12 15:46:25,316,946,65.6714272014462,0.696411299951842,0.223911245526619,0.574122435465176,0.319656637196851,S,0.436186422316927,0.494349034754927,0
Test,TestID_LeftWrist_RAW.csv,2018-03-15T06:16:35.396961Z,TestID_LeftWrist_IMU.csv,2018-03-15T06:16:44.543817Z,2015-11-12 15:46:26,316,946,65.9991221625823,0.693347626743621,0.224152931982939,0.572112511922187,0.31683884881246,S,0.436186422316927,0.494349034754927,0
Test,TestID_LeftWrist_RAW.csv,2018-03-15T06:16:35.396961Z,TestID_LeftWrist_IMU.csv,2018-03-15T06:16:44.543817Z,2015-11-12 15:46:27,316,946,66.5407053149117,0.689738073274537,0.220862389598834,0.567474853777397,0.31862043827172,S,0.40761507351877,0.494349034754927,0
Test,TestID_LeftWrist_RAW.csv,2018-03-15T06:16:35.396961Z,TestID_LeftWrist_IMU.csv,2018-03-15T06:16:44.543817Z,2015-11-12 15:46:28,316,946,66.8935637562569,0.694217348237954,0.22888282700187,0.567928046399065,0.322223033337962,S,0.405063980895997,0.494349034754927,0
Test,TestID_LeftWrist_RAW.csv,2018-03-15T06:16:35.396961Z,TestID_LeftWrist_IMU.csv,2018-03-15T06:16:44.543817Z,2015-11-12 15:46:29,316,946,66.4967725591765,0.692520012651552,0.228972471425324,0.561195153355446,0.330239228337041,S,0.32821467236573,0.494349034754927,0
Test,TestID_LeftWrist_RAW.csv,2018-03-15T06:16:35.396961Z,TestID_LeftWrist_IMU.csv,2018-03-15T06:16:44.543817Z,2015-11-12 15:46:30,316,946,66.2457268287533,0.691231251619455,0.217795229940321,0.57096776214354,0.318539354499928,S,0.32533129405721,0.494349034754927,0
Test,TestID_LeftWrist_RAW.csv,2018-03-15T06:16:35.396961Z,TestID_LeftWrist_IMU.csv,2018-03-15T06:16:44.543817Z,2015-11-12 15:46:31,316,946,66.8897319546424,0.695865238733488,0.217314159215961,0.571590759113979,0.328242077005083,S,0.32533129405721,0.506690180564984,0
Test,TestID_LeftWrist_RAW.csv,2018-03-15T06:16:35.396961Z,TestID_LeftWrist_IMU.csv,2018-03-15T06:16:44.543817Z,2015-11-12 15:46:32,316,946,66.3327092917953,0.684905572091042,0.219604627144441,0.562292925332862,0.318682302995422,S,0.32533129405721,0.542620224377024,0
Test,TestID_LeftWrist_RAW.csv,2018-03-15T06:16:35.396961Z,TestID_LeftWrist_IMU.csv,2018-03-15T06:16:44.543817Z,2015-11-12 15:46:33,316,946,66.4187153867154,0.686849333955877,0.221713698048656,0.569930801051662,0.308414367781891,S,0.32533129405721,0.542620224377024,0
Test,TestID_LeftWrist_RAW.csv,2018-03-15T06:16:35.396961Z,TestID_LeftWrist_IMU.csv,2018-03-15T06:16:44.543817Z,2015-11-12 15:46:34,316,946,66.0931887368598,0.694743986337552,0.2269216866491,0.573872911389958,0.313695114417001,S,0.32533129405721,0.542620224377024,0
Test,TestID_LeftWrist_RAW.csv,2018-03-15T06:16:35.396961Z,TestID_LeftWrist_IMU.csv,2018-03-15T06:16:44.543817Z,2015-11-12 15:46:35,316,946,66.173989138246,0.696117183386851,0.227240207784003,0.568153029555885,0.325774533367204,S,0.32533129405721,0.542620224377024,0
Test,TestID_LeftWrist_RAW.csv,2018-03-15T06:16:35.396961Z,TestID_LeftWrist_IMU.csv,2018-03-15T06:16:44.543817Z,2015-11-12 15:46:36,316,946,66.4509121091335,0.691932834899954,0.227009389527384,0.568349740871814,0.318008043128498,S,0.32533129405721,0.542620224377024,0
Test,TestID_LeftWrist_RAW.csv,2018-03-15T06:16:35.396961Z,TestID_LeftWrist_IMU.csv,2018-03-15T06:16:44.543817Z,2015-11-12 15:46:37,316,946,66.4438291073353,0.686177961633416,0.221340060016151,0.569994627866471,0.306478140450652,S,0.32533129405721,0.59629533262517,0
Test,TestID_LeftWrist_RAW.csv,2018-03-15T06:16:35.396961Z,TestID_LeftWrist_IMU.csv,2018-03-15T06:16:44.543817Z,2015-11-12 15:46:38,316,946,66.4053648509025,0.68687134647853,0.228965716548056,0.561517111139997,0.317880712376368,S,0.32533129405721,0.603316642623524,0
Test,TestID_LeftWrist_RAW.csv,2018-03-15T06:16:35.396961Z,TestID_LeftWrist_IMU.csv,2018-03-15T06:16:44.543817Z,2015-11-12 15:46:39,316,946,66.4500599528054,0.686332077562019,0.228882009898742,0.561027741181323,0.317481701729146,S,0.32533129405721,0.603316642623524,0
Test,TestID_LeftWrist_RAW.csv,2018-03-15T06:16:35.396961Z,TestID_LeftWrist_IMU.csv,2018-03-15T06:16:44.543817Z,2015-11-12 15:46:40,316,946,65.9989344329773,0.687911897194847,0.219201736030711,0.5626856941934,0.324698978457874,S,0.336204661242515,0.603316642623524,0
Test,TestID_LeftWrist_RAW.csv,2018-03-15T06:16:35.396961Z,TestID_LeftWrist_IMU.csv,2018-03-15T06:16:44.543817Z,2015-11-12 15:46:41,316,946,65.8295565912368,0.696176053495823,0.232311765558832,0.565653074478964,0.327098522793506,S,0.336204661242515,0.603316642623524,0
Test,TestID_LeftWrist_RAW.csv,2018-03-15T06:16:35.396961Z,TestID_LeftWrist_IMU.csv,2018-03-15T06:16:44.543817Z,2015-11-12 15:46:42,316,946,66.3527584424813,0.692273665592938,0.22720719135208,0.566380337271577,0.322395306473268,S,0.33742981821532,0.603316642623524,0
Test,TestID_LeftWrist_RAW.csv,2018-03-15T06:16:35.396961Z,TestID_LeftWrist_IMU.csv,2018-03-15T06:16:44.543817Z,2015-11-12 15:46:43,316,946,66.819513975247,0.698652862085835,0.233086671740296,0.572589903578312,0.320406365027313,S,0.412174483177502,0.661190342918551,0
Test,TestID_LeftWrist_RAW.csv,2018-03-15T06:16:35.396961Z,TestID_LeftWrist_IMU.csv,2018-03-15T06:16:44.543817Z,2015-11-12 15:46:44,316,946,66.2996580688642,0.69345063786636,0.23983563202091,0.567753864666531,0.312557343161582,S,0.412174483177502,0.661190342918551,0
Test,TestID_LeftWrist_RAW.csv,2018-03-15T06:16:35.396961Z,TestID_LeftWrist_IMU.csv,2018-03-15T06:16:44.543817Z,2015-11-12 15:46:45,316,946,66.0231455376461,0.698868492141643,0.244973573939435,0.566910187892273,0.322895786552964,S,0.431809900398489,0.71447033576464,0
Test,TestID_LeftWrist_RAW.csv,2018-03-15T06:16:35.396961Z,TestID_LeftWrist_IMU.csv,2018-03-15T06:16:44.543817Z,2015-11-12 15:46:46,316,946,65.3310632456098,0.684172870090262,0.228783600940177,0.564016023983804,0.308038307637283,S,0.573023595733329,0.797019080881279,0
Test,TestID_LeftWrist_RAW.csv,2018-03-15T06:16:35.396961Z,TestID_LeftWrist_IMU.csv,2018-03-15T06:16:44.543817Z,2015-11-12 15:46:47,316,946,66.2183578060564,0.704804361469575,0.248387662620927,0.574969566389777,0.317980884960546,S,0.440930147389489,0.947452174670229,0
Test,TestID_LeftWrist_RAW.csv,2018-03-15T06:16:35.396961Z,TestID_LeftWrist_IMU.csv,2018-03-15T06:16:44.543817Z,2015-11-12 15:46:48,316,946,66.4369922019802,0.699208288091892,0.242938985501459,0.571885005744286,0.315636134071054,S,0.440930147389489,0.947452174670229,0
Test,TestID_LeftWrist_RAW.csv,2018-03-15T06:16:35.396961Z,TestID_LeftWrist_IMU.csv,2018-03-15T06:16:44.543817Z,2015-11-12 15:46:49,316,946,66.2512661280616,0.683771330191952,0.223573898215953,0.561501667674802,0.314823043925025,S,0.440930147389489,0.96942425502335,0
Test,TestID_LeftWrist_RAW.csv,2018-03-15T06:16:35.396961Z,TestID_LeftWrist_IMU.csv,2018-03-15T06:16:44.543817Z,2015-11-12 15:46:50,316,946,66.3353253376101,0.703056763002888,0.232420019496677,0.576197989357363,0.324332607126028,S,0.440930147389489,0.96942425502335,0
Test,TestID_LeftWrist_RAW.csv,2018-03-15T06:16:35.396961Z,TestID_LeftWrist_IMU.csv,2018-03-15T06:16:44.543817Z,2015-11-12 15:46:51,316,946,66.0087715453258,0.694222307728742,0.2325829726631,0.572555169940198,0.311235086336101,S,0.440930147389489,0.96942425502335,0
Test,TestID_LeftWrist_RAW.csv,2018-03-15T06:16:35.396961Z,TestID_LeftWrist_IMU.csv,2018-03-15T06:16:44.543817Z,2015-11-12 15:46:52,316,946,66.2324029421939,0.68925021691095,0.226969377338795,0.562815889690356,0.322025252849156,S,0.440930147389489,0.96942425502335,0
Test,TestID_LeftWrist_RAW.csv,2018-03-15T06:16:35.396961Z,TestID_LeftWrist_IMU.csv,2018-03-15T06:16:44.543817Z,2015-11-12 15:46:53,316,946,65.3960198742894,0.692009388742056,0.228345262151887,0.570510329612435,0.313491866898238,S,0.440930147389489,0.96942425502335,0
Test,TestID_LeftWrist_RAW.csv,2018-03-15T06:16:35.396961Z,TestID_LeftWrist_IMU.csv,2018-03-15T06:16:44.543817Z,2015-11-12 15:46:54,316,946,66.312970606711,0.687733580996676,0.221604250817968,0.564007786690089,0.320792789446567,S,0.440930147389489,0.96942425502335,0
Test,TestID_LeftWrist_RAW.csv,2018-03-15T06:16:35.396961Z,TestID_LeftWrist_IMU.csv,2018-03-15T06:16:44.543817Z,2015-11-12 15:46:55,316,946,66.0363435469861,0.697576131701356,0.232324139896409,0.573057643295328,0.318535095372719,S,0.440930147389489,0.96942425502335,0
Test,TestID_LeftWrist_RAW.csv,2018-03-15T06:16:35.396961Z,TestID_LeftWrist_IMU.csv,2018-03-15T06:16:44.543817Z,2015-11-12 15:46:56,316,946,66.1649459857841,0.696355643465125,0.222106815507275,0.576216538810288,0.316772058294176,S,0.440930147389489,0.96942425502335,0
Test,TestID_LeftWrist_RAW.csv,2018-03-15T06:16:35.396961Z,TestID_LeftWrist_IMU.csv,2018-03-15T06:16:44.543817Z,2015-11-12 15:46:57,316,946,65.3695079394268,0.709614463744176,0.24359636969318,0.578450706691305,0.326524566047414,S,0.548144164508513,0.970935868537206,0
Test,TestID_LeftWrist_RAW.csv,2018-03-15T06:16:35.396961Z,TestID_LeftWrist_IMU.csv,2018-03-15T06:16:44.543817Z,2015-11-12 15:46:58,316,946,65.7531864361332,0.69384371165439,0.234272150576354,0.562142984045584,0.327360378436843,S,0.548144164508513,0.932880116243494,0
Test,TestID_LeftWrist_RAW.csv,2018-03-15T06:16:35.396961Z,TestID_LeftWrist_IMU.csv,2018-03-15T06:16:44.543817Z,2015-11-12 15:46:59,316,946,66.4500501500072,0.70364371885289,0.247830257638773,0.570745158825407,0.323327057358057,S,0.559446872899889,0.932880116243494,0
Test,TestID_LeftWrist_RAW.csv,2018-03-15T06:16:35.396961Z,TestID_LeftWrist_IMU.csv,2018-03-15T06:16:44.543817Z,2015-11-12 15:47:00,316,947,65.7950824368172,0.707813990073822,0.237483335880351,0.585442865176693,0.313027476228624,S,0.559446872899889,0.932880116243494,0
Test,TestID_LeftWrist_RAW.csv,2018-03-15T06:16:35.396961Z,TestID_LeftWrist_IMU.csv,2018-03-15T06:16:44.543817Z,2015-11-12 15:47:01,316,947,65.8054537901791,0.700382611054575,0.241136344917559,0.571188979203684,0.321162535148298,S,0.562473751929084,0.835792889849123,0
Test,TestID_LeftWrist_RAW.csv,2018-03-15T06:16:35.396961Z,TestID_LeftWrist_IMU.csv,2018-03-15T06:16:44.543817Z,2015-11-12 15:47:02,316,947,66.5667952148198,0.703320891118871,0.248978546890712,0.575545245161885,0.313143117658322,S,0.562473751929084,0.835792889849123,0
Test,TestID_LeftWrist_RAW.csv,2018-03-15T06:16:35.396961Z,TestID_LeftWrist_IMU.csv,2018-03-15T06:16:44.543817Z,2015-11-12 15:47:03,316,947,66.2885905371283,0.694293456022983,0.234484071244512,0.566416528756263,0.321525077236219,S,0.562473751929084,0.835792889849123,0
Test,TestID_LeftWrist_RAW.csv,2018-03-15T06:16:35.396961Z,TestID_LeftWrist_IMU.csv,2018-03-15T06:16:44.543817Z,2015-11-12 15:47:04,316,947,65.5367367842501,0.687480762863836,0.227003293502348,0.56394479824457,0.316229747792702,S,0.594167611864945,0.835792889849123,0
Test,TestID_LeftWrist_RAW.csv,2018-03-15T06:16:35.396961Z,TestID_LeftWrist_IMU.csv,2018-03-15T06:16:44.543817Z,2015-11-12 15:47:05,316,947,67.0720194703407,0.703014070521543,0.231904088766221,0.576884895059832,0.324592210636998,S,0.793110966558505,0.835792889849123,0
Test,TestID_LeftWrist_RAW.csv,2018-03-15T06:16:35.396961Z,TestID_LeftWrist_IMU.csv,2018-03-15T06:16:44.543817Z,2015-11-12 15:47:06,316,947,66.9588658355366,0.694151323591532,0.222267892692093,0.571390846621915,0.320520256059447,S,0.693934863444362,0.835792889849123,0
Test,TestID_LeftWrist_RAW.csv,2018-03-15T06:16:35.396961Z,TestID_LeftWrist_IMU.csv,2018-03-15T06:16:44.543817Z,2015-11-12 15:47:07,316,947,66.6288016026186,0.69185154628155,0.230588792605525,0.570584588528269,0.312065147706203,S,0.602462295149827,0.835792889849123,0
Test,TestID_LeftWrist_RAW.csv,2018-03-15T06:16:35.396961Z,TestID_LeftWrist_IMU.csv,2018-03-15T06:16:44.543817Z,2015-11-12 15:47:08,316,947,65.4661770619214,0.692692741797596,0.237369112199979,0.564347354509885,0.317783327735963,S,0.55883504791395,0.835792889849123,0
Test,TestID_LeftWrist_RAW.csv,2018-03-15T06:16:35.396961Z,TestID_LeftWrist_IMU.csv,2018-03-15T06:16:44.543817Z,2015-11-12 15:47:09,316,947,65.6129947463981,0.687930362248208,0.242410326193467,0.566659213005535,0.299854231923816,S,0.478490577985793,0.835792889849123,0
Test,TestID_LeftWrist_RAW.csv,2018-03-15T06:16:35.396961Z,TestID_LeftWrist_IMU.csv,2018-03-15T06:16:44.543817Z,2015-11-12 15:47:10,316,947,66.2528600556911,0.699568556289555,0.243453502903328,0.571857005886739,0.316632061686589,S,0.478490577985793,0.835792889849123,0
Test,TestID_LeftWrist_RAW.csv,2018-03-15T06:16:35.396961Z,TestID_LeftWrist_IMU.csv,2018-03-15T06:16:44.543817Z,2015-11-12 15:47:11,316,947,66.2414287897491,0.702912860610914,0.243031909437832,0.578641248381876,0.31255239939774,S,0.478490577985793,0.867831176353493,0
Test,TestID_LeftWrist_RAW.csv,2018-03-15T06:16:35.396961Z,TestID_LeftWrist_IMU.csv,2018-03-15T06:16:44.543817Z,2015-11-12 15:47:12,316,947,65.8704602493401,0.702869755430891,0.244154808598621,0.576785758302577,0.313146677441301,S,0.478490577985793,0.867831176353493,0
Test,TestID_LeftWrist_RAW.csv,2018-03-15T06:16:35.396961Z,TestID_LeftWrist_IMU.csv,2018-03-15T06:16:44.543817Z,2015-11-12 15:47:13,316,947,66.5410696705109,0.70630733615982,0.241521259342818,0.582127925907836,0.312403555186802,S,0.478490577985793,0.880698631733392,0
Test,TestID_LeftWrist_RAW.csv,2018-03-15T06:16:35.396961Z,TestID_LeftWrist_IMU.csv,2018-03-15T06:16:44.543817Z,2015-11-12 15:47:14,316,947,66.1306979786133,0.705561837758895,0.244849922229523,0.583007474567227,0.308178583080333,S,0.478490577985793,0.880698631733392,0
Test,TestID_LeftWrist_RAW.csv,2018-03-15T06:16:35.396961Z,TestID_LeftWrist_IMU.csv,2018-03-15T06:16:44.543817Z,2015-11-12 15:47:15,316,947,66.0336920758624,0.707184170777765,0.24098934006494,0.580932308521831,0.318152620979408,S,0.478490577985793,0.880698631733392,0
Test,TestID_LeftWrist_RAW.csv,2018-03-15T06:16:35.396961Z,TestID_LeftWrist_IMU.csv,2018-03-15T06:16:44.543817Z,2015-11-12 15:47:16,316,947,66.5763307977869,0.708658081329274,0.259682745442537,0.578198872791952,0.311858371848314,S,0.478490577985793,0.880698631733392,0
Test,TestID_LeftWrist_RAW.csv,2018-03-15T06:16:35.396961Z,TestID_LeftWrist_IMU.csv,2018-03-15T06:16:44.543817Z,2015-11-12 15:47:17,316,947,66.3595160497479,0.707977438105352,0.239674300775636,0.579071838131278,0.325308088760543,S,0.478490577985793,0.880698631733392,0
Test,TestID_LeftWrist_RAW.csv,2018-03-15T06:16:35.396961Z,TestID_LeftWrist_IMU.csv,2018-03-15T06:16:44.543817Z,2015-11-12 15:47:18,316,947,66.5652303261439,0.707349045749029,0.25403802352662,0.573741554040815,0.321538276951312,S,0.478490577985793,0.880698631733392,0
Test,TestID_LeftWrist_RAW.csv,2018-03-15T06:16:35.396961Z,TestID_LeftWrist_IMU.csv,2018-03-15T06:16:44.543817Z,2015-11-12 15:47:19,316,947,66.9989856258781,0.686895777024725,0.239023564449825,0.560774740863089,0.312488805135487,S,0.490685308496349,0.922472448172265,0
Test,TestID_LeftWrist_RAW.csv,2018-03-15T06:16:35.396961Z,TestID_LeftWrist_IMU.csv,2018-03-15T06:16:44.543817Z,2015-11-12 15:47:20,316,947,65.8533017365429,0.696215872198564,0.23925841192398,0.572037969520027,0.31262892690095,S,0.546253554603164,0.909799257034568,0
Test,TestID_LeftWrist_RAW.csv,2018-03-15T06:16:35.396961Z,TestID_LeftWrist_IMU.csv,2018-03-15T06:16:44.543817Z,2015-11-12 15:47:21,316,947,65.5655841953504,0.69879327526919,0.238284246492321,0.56999696901775,0.322252339662273,S,0.654948126886691,0.909799257034568,0
Test,TestID_LeftWrist_RAW.csv,2018-03-15T06:16:35.396961Z,TestID_LeftWrist_IMU.csv,2018-03-15T06:16:44.543817Z,2015-11-12 15:47:22,316,947,65.5586081480053,0.697627896632007,0.239883014505796,0.567181617952234,0.322892536602166,S,0.715152647253183,0.909799257034568,0
Test,TestID_LeftWrist_RAW.csv,2018-03-15T06:16:35.396961Z,TestID_LeftWrist_IMU.csv,2018-03-15T06:16:44.543817Z,2015-11-12 15:47:23,316,947,65.7961939019074,0.680812889166636,0.218592616925033,0.559528689374487,0.316158039632568,S,0.719233812494259,0.909799257034568,0
Test,TestID_LeftWrist_RAW.csv,2018-03-15T06:16:35.396961Z,TestID_LeftWrist_IMU.csv,2018-03-15T06:16:44.543817Z,2015-11-12 15:47:24,316,947,66.4251478908838,0.702046297923214,0.229947712241987,0.583033533491299,0.310822534670509,S,0.721491977143986,0.718741806663356,0
Test,TestID_LeftWrist_RAW.csv,2018-03-15T06:16:35.396961Z,TestID_LeftWrist_IMU.csv,2018-03-15T06:16:44.543817Z,2015-11-12 15:47:25,316,947,67.0905348218071,0.700304268898283,0.234910885460749,0.573680421034463,0.320780736840193,S,0.721491977143986,0.663402073782273,0
Test,TestID_LeftWrist_RAW.csv,2018-03-15T06:16:35.396961Z,TestID_LeftWrist_IMU.csv,2018-03-15T06:16:44.543817Z,2015-11-12 15:47:26,316,947,66.2499611187116,0.690116494172439,0.228152070179623,0.569547211698647,0.310798068939689,S,0.632174671358527,0.663402073782273,0
Test,TestID_LeftWrist_RAW.csv,2018-03-15T06:16:35.396961Z,TestID_LeftWrist_IMU.csv,2018-03-15T06:16:44.543817Z,2015-11-12 15:47:27,316,947,66.1059904802286,0.697659841142895,0.236819804785139,0.577918631036582,0.306479208096954,S,0.632165122943336,0.663402073782273,0
Test,TestID_LeftWrist_RAW.csv,2018-03-15T06:16:35.396961Z,TestID_LeftWrist_IMU.csv,2018-03-15T06:16:44.543817Z,2015-11-12 15:47:28,316,947,65.4010507188346,0.689816221467813,0.23219500837222,0.565889470780167,0.313588627477679,S,0.632165122943336,0.663402073782273,0
Test,TestID_LeftWrist_RAW.csv,2018-03-15T06:16:35.396961Z,TestID_LeftWrist_IMU.csv,2018-03-15T06:16:44.543817Z,2015-11-12 15:47:29,316,947,66.8356127152222,0.69546790261029,0.228753036194128,0.574852713774643,0.312341116629195,S,0.513533701303175,0.663402073782273,0
Test,TestID_LeftWrist_RAW.csv,2018-03-15T06:16:35.396961Z,TestID_LeftWrist_IMU.csv,2018-03-15T06:16:44.543817Z,2015-11-12 15:47:30,316,947,66.3531654464507,0.691455208880345,0.219196798624564,0.57118456553335,0.316899140079514,S,0.419547420659325,0.663402073782273,0
Test,TestID_LeftWrist_RAW.csv,2018-03-15T06:16:35.396961Z,TestID_LeftWrist_IMU.csv,2018-03-15T06:16:44.543817Z,2015-11-12 15:47:31,316,947,66.5666968100879,0.700420433821163,0.223841515264197,0.582343640490706,0.313242943300215,S,0.419547420659325,0.663402073782273,0
Test,TestID_LeftWrist_RAW.csv,2018-03-15T06:16:35.396961Z,TestID_LeftWrist_IMU.csv,2018-03-15T06:16:44.543817Z,2015-11-12 15:47:32,316,947,65.8661168861897,0.701211805935941,0.232052533127931,0.578565386321531,0.316734942261191,S,0.419547420659325,0.663402073782273,0
Test,TestID_LeftWrist_RAW.csv,2018-03-15T06:16:35.396961Z,TestID_LeftWrist_IMU.csv,2018-03-15T06:16:44.543817Z,2015-11-12 15:47:33,316,947,66.1519707373728,0.690814736876552,0.220898546600868,0.56723915549316,0.321513367545174,S,0.419547420659325,0.663402073782273,0
Test,TestID_LeftWrist_RAW.csv,2018-03-15T06:16:35.396961Z,TestID_LeftWrist_IMU.csv,2018-03-15T06:16:44.543817Z,2015-11-12 15:47:34,316,947,66.1357453777441,0.698232843361782,0.234902209900857,0.574809753856938,0.314585317857283,S,0.419547420659325,0.663402073782273,0
Test,TestID_LeftWrist_RAW.csv,2018-03-15T06:16:35.396961Z,TestID_LeftWrist_IMU.csv,2018-03-15T06:16:44.543817Z,2015-11-12 15:47:35,316,947,66.7127947307961,0.708629204381932,0.237141288875349,0.583613534463572,0.319329934177463,S,0.419547420659325,0.817191400130391,0
Test,TestID_LeftWrist_RAW.csv,2018-03-15T06:16:35.396961Z,TestID_LeftWrist_IMU.csv,2018-03-15T06:16:44.543817Z,2015-11-12 15:47:36,316,947,66.2313170387705,0.698797491207441,0.229941472868088,0.56636707966792,0.333688671355661,S,0.419547420659325,0.817191400130391,0
Test,TestID_LeftWrist_RAW.csv,2018-03-15T06:16:35.396961Z,TestID_LeftWrist_IMU.csv,2018-03-15T06:16:44.543817Z,2015-11-12 15:47:37,316,947,66.0665881396099,0.699496570489105,0.236886476236836,0.571268488524617,0.321503080541778,S,0.419547420659325,0.810236639910977,0
Test,TestID_LeftWrist_RAW.csv,2018-03-15T06:16:35.396961Z,TestID_LeftWrist_IMU.csv,2018-03-15T06:16:44.543817Z,2015-11-12 15:47:38,316,947,65.829687353245,0.682918671673393,0.230509781086103,0.561377678159461,0.308302849465215,S,0.419547420659325,0.810236639910977,0
Test,TestID_LeftWrist_RAW.csv,2018-03-15T06:16:35.396961Z,TestID_LeftWrist_IMU.csv,2018-03-15T06:16:44.543817Z,2015-11-12 15:47:39,316,947,66.2512840614355,0.687949659089266,0.236269659648746,0.564707721711874,0.309213557721027,S,0.419547420659325,0.810236639910977,0
Test,TestID_LeftWrist_RAW.csv,2018-03-15T06:16:35.396961Z,TestID_LeftWrist_IMU.csv,2018-03-15T06:16:44.543817Z,2015-11-12 15:47:40,316,947,66.9392462222263,0.693360552480075,0.233141056859547,0.567478092534608,0.318123263551467,S,0.539459800442036,0.810236639910977,0
Test,TestID_LeftWrist_RAW.csv,2018-03-15T06:16:35.396961Z,TestID_LeftWrist_IMU.csv,2018-03-15T06:16:44.543817Z,2015-11-12 15:47:41,316,947,65.9467881781097,0.683441848469054,0.234972103696315,0.563608300311288,0.301672083715611,S,0.539459800442036,0.810236639910977,0
Test,TestID_LeftWrist_RAW.csv,2018-03-15T06:16:35.396961Z,TestID_LeftWrist_IMU.csv,2018-03-15T06:16:44.543817Z,2015-11-12 15:47:42,316,947,65.6271878108043,0.694312375871416,0.23017304252146,0.575322361446365,0.308807647917284,S,0.588486534967693,0.810236639910977,0
Test,TestID_LeftWrist_RAW.csv,2018-03-15T06:16:35.396961Z,TestID_LeftWrist_IMU.csv,2018-03-15T06:16:44.543817Z,2015-11-12 15:47:43,316,947,65.7751761793321,0.694425344144098,0.225758462300875,0.575703206392335,0.311327955001843,S,0.598372024793012,0.810236639910977,0
Test,TestID_LeftWrist_RAW.csv,2018-03-15T06:16:35.396961Z,TestID_LeftWrist_IMU.csv,2018-03-15T06:16:44.543817Z,2015-11-12 15:47:44,316,947,66.4319889523938,0.695586138574383,0.229025415052151,0.573633488142611,0.315602943726436,S,0.598372024793012,0.810236639910977,0
Test,TestID_LeftWrist_RAW.csv,2018-03-15T06:16:35.396961Z,TestID_LeftWrist_IMU.csv,2018-03-15T06:16:44.543817Z,2015-11-12 15:47:45,316,947,65.1052756881256,0.694260229459552,0.230199138724644,0.569550421141281,0.318435542799538,S,0.598372024793012,0.810236639910977,0
Test,TestID_LeftWrist_RAW.csv,2018-03-15T06:16:35.396961Z,TestID_LeftWrist_IMU.csv,2018-03-15T06:16:44.543817Z,2015-11-12 15:47:46,316,947,66.3245083297468,0.696951295137051,0.239129555752715,0.572902710525482,0.311854043817169,S,0.598372024793012,0.810236639910977,0
Test,TestID_LeftWrist_RAW.csv,2018-03-15T06:16:35.396961Z,TestID_LeftWrist_IMU.csv,2018-03-15T06:16:44.543817Z,2015-11-12 15:47:47,316,947,66.2424717674384,0.70570082913685,0.248960570876347,0.575108315872307,0.319297682460349,S,0.598372024793012,0.836411189623929,0
Test,TestID_LeftWrist_RAW.csv,2018-03-15T06:16:35.396961Z,TestID_LeftWrist_IMU.csv,2018-03-15T06:16:44.543817Z,2015-11-12 15:47:48,316,947,65.6137621016526,0.683473688971054,0.228339178588262,0.563342204610779,0.308256111413688,S,0.598372024793012,0.68842000352531,0
Test,TestID_LeftWrist_RAW.csv,2018-03-15T06:16:35.396961Z,TestID_LeftWrist_IMU.csv,2018-03-15T06:16:44.543817Z,2015-11-12 15:47:49,316,947,65.8569919235504,0.688480249751324,0.22154549428375,0.56885275367661,0.314364839099104,S,0.598372024793012,0.68842000352531,0
Test,TestID_LeftWrist_RAW.csv,2018-03-15T06:16:35.396961Z,TestID_LeftWrist_IMU.csv,2018-03-15T06:16:44.543817Z,2015-11-12 15:47:50,316,947,65.7581659966553,0.697547895706816,0.229581474794744,0.579264898806946,0.308073243074284,S,0.598372024793012,0.68842000352531,0
Test,TestID_LeftWrist_RAW.csv,2018-03-15T06:16:35.396961Z,TestID_LeftWrist_IMU.csv,2018-03-15T06:16:44.543817Z,2015-11-12 15:47:51,316,947,66.0640800164543,0.69250221571525,0.225130361959728,0.568835699787473,0.319526187224746,S,0.604821527743426,0.680549448355236,0
Test,TestID_LeftWrist_RAW.csv,2018-03-15T06:16:35.396961Z,TestID_LeftWrist_IMU.csv,2018-03-15T06:16:44.543817Z,2015-11-12 15:47:52,316,947,66.8290352696289,0.683165931057105,0.222841023736028,0.559025703034021,0.31829226452333,S,0.634767341754976,0.680549448355236,0
Test,TestID_LeftWrist_RAW.csv,2018-03-15T06:16:35.396961Z,TestID_LeftWrist_IMU.csv,2018-03-15T06:16:44.543817Z,2015-11-12 15:47:53,316,947,66.5048286662682,0.690880878424426,0.21976736478996,0.568370489856989,0.321820389827708,S,0.634767341754976,0.631663108989304,0
Test,TestID_LeftWrist_RAW.csv,2018-03-15T06:16:35.396961Z,TestID_LeftWrist_IMU.csv,2018-03-15T06:16:44.543817Z,2015-11-12 15:47:54,316,947,66.5548302764336,0.689338152043634,0.233009444416526,0.566873444182199,0.311532230226193,S,0.634767341754976,0.631663108989304,0
Test,TestID_LeftWrist_RAW.csv,2018-03-15T06:16:35.396961Z,TestID_LeftWrist_IMU.csv,2018-03-15T06:16:44.543817Z,2015-11-12 15:47:55,316,947,66.7571449945669,0.693504943745211,0.240564189471234,0.572535633245342,0.302931592145962,S,0.634767341754976,0.631663108989304,0
Test,TestID_LeftWrist_RAW.csv,2018-03-15T06:16:35.396961Z,TestID_LeftWrist_IMU.csv,2018-03-15T06:16:44.543817Z,2015-11-12 15:47:56,316,947,66.5305539886646,0.693406015613278,0.233081917274625,0.568281892291814,0.315100863847437,S,0.648114978138456,0.631663108989304,0
Test,TestID_LeftWrist_RAW.csv,2018-03-15T06:16:35.396961Z,TestID_LeftWrist_IMU.csv,2018-03-15T06:16:44.543817Z,2015-11-12 15:47:57,316,947,65.2703522679801,0.695438445248545,0.231339184322376,0.568293677700699,0.321617640648968,S,0.749289257468074,0.631663108989304,0
Test,TestID_LeftWrist_RAW.csv,2018-03-15T06:16:35.396961Z,TestID_LeftWrist_IMU.csv,2018-03-15T06:16:44.543817Z,2015-11-12 15:47:58,316,947,66.1906238962999,0.69981160905315,0.226600796965704,0.579822051960318,0.314286477556212,S,0.749289257468074,0.631663108989304,0
Test,TestID_LeftWrist_RAW.csv,2018-03-15T06:16:35.396961Z,TestID_LeftWrist_IMU.csv,2018-03-15T06:16:44.543817Z,2015-11-12 15:47:59,316,947,65.8614009399344,0.698701107336862,0.225808147558212,0.57917157587514,0.313069795302674,S,0.749289257468074,0.631663108989304,0
Test,TestID_LeftWrist_RAW.csv,2018-03-15T06:16:35.396961Z,TestID_LeftWrist_IMU.csv,2018-03-15T06:16:44.543817Z,2015-11-12 15:48:00,316,948,65.2237707348021,0.692763017873735,0.236688527611807,0.572526189747001,0.305035354135022,S,0.808723889338684,0.631663108989304,0
Test,TestID_LeftWrist_RAW.csv,2018-03-15T06:16:35.396961Z,TestID_LeftWrist_IMU.csv,2018-03-15T06:16:44.543817Z,2015-11-12 15:48:01,316,948,66.0624439652054,0.694111070358742,0.228295623991364,0.57007743186558,0.318779688494624,S,0.808723889338684,0.631663108989304,0
Test,TestID_LeftWrist_RAW.csv,2018-03-15T06:16:35.396961Z,TestID_LeftWrist_IMU.csv,2018-03-15T06:16:44.543817Z,2015-11-12 15:48:02,316,948,65.8478998470827,0.703786808780302,0.244016830333203,0.579193009844877,0.311905676686978,S,0.808723889338684,0.631663108989304,0
Test,TestID_LeftWrist_RAW.csv,2018-03-15T06:16:35.396961Z,TestID_LeftWrist_IMU.csv,2018-03-15T06:16:44.543817Z,2015-11-12 15:48:03,316,948,65.4032251633424,0.706928158195396,0.234452330453835,0.585307503714212,0.313716620104969,S,0.834454138385512,0.694634177686358,0
Test,TestID_LeftWrist_RAW.csv,2018-03-15T06:16:35.396961Z,TestID_LeftWrist_IMU.csv,2018-03-15T06:16:44.543817Z,2015-11-12 15:48:04,316,948,67.2754728783161,0.695202850153854,0.241699394991794,0.572736772544386,0.305790492682439,S,0.866967360776198,0.694634177686358,0
Test,TestID_LeftWrist_RAW.csv,2018-03-15T06:16:35.396961Z,TestID_LeftWrist_IMU.csv,2018-03-15T06:16:44.543817Z,2015-11-12 15:48:05,316,948,66.5056696381924,0.718358394559914,0.24459665636313,0.59183046071038,0.32031701882491,S,0.663182693744806,0.988858830441257,0
Test,TestID_LeftWrist_RAW.csv,2018-03-15T06:16:35.396961Z,TestID_LeftWrist_IMU.csv,2018-03-15T06:16:44.543817Z,2015-11-12 15:48:06,316,948,65.6437672297571,0.703473067602673,0.241332866146948,0.578071481693003,0.314547454665277,S,0.612852657233775,0.753290066326238,0
Test,TestID_LeftWrist_RAW.csv,2018-03-15T06:16:35.396961Z,TestID_LeftWrist_IMU.csv,2018-03-15T06:16:44.543817Z,2015-11-12 15:48:07,316,948,65.7150769476942,0.711255668276612,0.239067604741191,0.584726566150674,0.32156951759051,S,0.612852657233775,0.753290066326238,0
Test,TestID_LeftWrist_RAW.csv,2018-03-15T06:16:35.396961Z,TestID_LeftWrist_IMU.csv,2018-03-15T06:16:44.543817Z,2015-11-12 15:48:08,316,948,65.318905228294,0.702334460811038,0.231367708852188,0.581056807591311,0.313582707131949,S,0.611866338888816,0.753290066326238,0
Test,TestID_LeftWrist_RAW.csv,2018-03-15T06:16:35.396961Z,TestID_LeftWrist_IMU.csv,2018-03-15T06:16:44.543817Z,2015-11-12 15:48:09,316,948,65.8593426401851,0.69655112632942,0.22640490534178,0.573648136053255,0.319250585691106,S,0.54944104028036,0.714364877888396,0
Test,TestID_LeftWrist_RAW.csv,2018-03-15T06:16:35.396961Z,TestID_LeftWrist_IMU.csv,2018-03-15T06:16:44.543817Z,2015-11-12 15:48:10,316,948,65.9367875692524,0.699759608502887,0.23806789596683,0.576782126219942,0.311375803661012,S,0.54944104028036,0.714364877888396,0
Test,TestID_LeftWrist_RAW.csv,2018-03-15T06:16:35.396961Z,TestID_LeftWrist_IMU.csv,2018-03-15T06:16:44.543817Z,2015-11-12 15:48:11,316,948,66.4832583715025,0.700119831318905,0.233909099642678,0.581697600163581,0.306960058129629,S,0.54944104028036,0.714364877888396,0
Test,TestID_LeftWrist_RAW.csv,2018-03-15T06:16:35.396961Z,TestID_LeftWrist_IMU.csv,2018-03-15T06:16:44.543817Z,2015-11-12 15:48:12,316,948,66.3123079738924,0.692563305780204,0.237230212406723,0.57012366168546,0.308599652024511,S,0.54944104028036,0.714364877888396,0
Test,TestID_LeftWrist_RAW.csv,2018-03-15T06:16:35.396961Z,TestID_LeftWrist_IMU.csv,2018-03-15T06:16:44.543817Z,2015-11-12 15:48:13,316,948,65.2832436165369,0.695925394697496,0.235569973350491,0.577409679516789,0.304869619056501,S,0.54944104028036,0.714364877888396,0
Test,TestID_LeftWrist_RAW.csv,2018-03-15T06:16:35.396961Z,TestID_LeftWrist_IMU.csv,2018-03-15T06:16:44.543817Z,2015-11-12 15:48:14,316,948,66.0511421534778,0.700488932992601,0.24115393577333,0.576128362073466,0.31133835418534,S,0.54944104028036,0.714364877888396,0
Test,TestID_LeftWrist_RAW.csv,2018-03-15T06:16:35.396961Z,TestID_LeftWrist_IMU.csv,2018-03-15T06:16:44.543817Z,2015-11-12 15:48:15,316,948,65.4544157830202,0.6952805084362,0.233998892880967,0.572008520621988,0.314164324669434,S,0.544232162476596,0.714364877888396,0
Test,TestID_LeftWrist_RAW.csv,2018-03-15T06:16:35.396961Z,TestID_LeftWrist_IMU.csv,2018-03-15T06:16:44.543817Z,2015-11-12 15:48:16,316,948,65.6393877749707,0.68709593015598,0.22432936445864,0.568113012376751,0.309430343669268,S,0.541076946407138,0.714364877888396,0
Test,TestID_LeftWrist_RAW.csv,2018-03-15T06:16:35.396961Z,TestID_LeftWrist_IMU.csv,2018-03-15T06:16:44.543817Z,2015-11-12 15:48:17,316,948,65.8788821967221,0.68693546758057,0.223520852284411,0.570740082349888,0.304734673618427,S,0.540074487322524,0.714364877888396,0
Test,TestID_LeftWrist_RAW.csv,2018-03-15T06:16:35.396961Z,TestID_LeftWrist_IMU.csv,2018-03-15T06:16:44.543817Z,2015-11-12 15:48:18,316,948,65.8976893607132,0.692411228506018,0.226118113711266,0.575069221552081,0.307026695488363,S,0.514927888318555,0.714364877888396,0
Test,TestID_LeftWrist_RAW.csv,2018-03-15T06:16:35.396961Z,TestID_LeftWrist_IMU.csv,2018-03-15T06:16:44.543817Z,2015-11-12 15:48:19,316,948,65.0920999664436,0.710044572245034,0.241474781473224,0.581461354094755,0.324024328105007,S,0.489110356856503,0.910788652253053,0
Test,TestID_LeftWrist_RAW.csv,2018-03-15T06:16:35.396961Z,TestID_LeftWrist_IMU.csv,2018-03-15T06:16:44.543817Z,2015-11-12 15:48:20,316,948,64.9817841826632,0.695837374715497,0.243566016491999,0.564555123433237,0.320185779004958,S,0.437942599813175,0.800480296238185,0
Test,TestID_LeftWrist_RAW.csv,2018-03-15T06:16:35.396961Z,TestID_LeftWrist_IMU.csv,2018-03-15T06:16:44.543817Z,2015-11-12 15:48:21,316,948,66.0407102330794,0.697927454302697,0.242277717000912,0.572576723337832,0.313325377420322,S,0.337357552703262,0.772452019914254,0
Test,TestID_LeftWrist_RAW.csv,2018-03-15T06:16:35.396961Z,TestID_LeftWrist_IMU.csv,2018-03-15T06:16:44.543817Z,2015-11-12 15:48:22,316,948,65.2682288017445,0.706909814392597,0.237368494079664,0.585306166641454,0.312436434281496,S,0.28822186943525,0.772452019914254,0
Test,TestID_LeftWrist_RAW.csv,2018-03-15T06:16:35.396961Z,TestID_LeftWrist_IMU.csv,2018-03-15T06:16:44.543817Z,2015-11-12 15:48:23,316,948,65.7202012320227,0.702547604884716,0.236763917696932,0.577278249138835,0.317964338968877,S,0.259240742626799,0.772452019914254,0
Test,TestID_LeftWrist_RAW.csv,2018-03-15T06:16:35.396961Z,TestID_LeftWrist_IMU.csv,2018-03-15T06:16:44.543817Z,2015-11-12 15:48:24,316,948,65.6946735783095,0.699231413230354,0.234412798114813,0.580487582304991,0.306070766767524,S,0.259240742626799,0.772452019914254,0
Test,TestID_LeftWrist_RAW.csv,2018-03-15T06:16:35.396961Z,TestID_LeftWrist_IMU.csv,2018-03-15T06:16:44.543817Z,2015-11-12 15:48:25,316,948,65.5443832000373,0.701462128956433,0.236211722811828,0.583427976627185,0.305570633398164,S,0.259240742626799,0.772452019914254,0
Test,TestID_LeftWrist_RAW.csv,2018-03-15T06:16:35.396961Z,TestID_LeftWrist_IMU.csv,2018-03-15T06:16:44.543817Z,2015-11-12 15:48:26,316,948,65.5786546950196,0.700936798405024,0.239622382135095,0.576112036048416,0.314280365369929,S,0.259240742626799,0.772452019914254,0
Test,TestID_LeftWrist_RAW.csv,2018-03-15T06:16:35.396961Z,TestID_LeftWrist_IMU.csv,2018-03-15T06:16:44.543817Z,2015-11-12 15:48:27,316,948,65.5894697148028,0.688535869164922,0.229717687826405,0.566601587698891,0.312002145994964,S,0.259240742626799,0.772452019914254,0
Test,TestID_LeftWrist_RAW.csv,2018-03-15T06:16:35.396961Z,TestID_LeftWrist_IMU.csv,2018-03-15T06:16:44.543817Z,2015-11-12 15:48:28,316,948,65.7140444470969,0.708310210462563,0.236035710809317,0.585709553259871,0.315522288117203,S,0.259240742626799,0.772452019914254,0
Test,TestID_LeftWrist_RAW.csv,2018-03-15T06:16:35.396961Z,TestID_LeftWrist_IMU.csv,2018-03-15T06:16:44.543817Z,2015-11-12 15:48:29,316,948,65.4097178981203,0.702090453462667,0.235305513271401,0.585185123831234,0.303306475061064,S,0.259240742626799,0.772452019914254,0
Test,TestID_LeftWrist_RAW.csv,2018-03-15T06:16:35.396961Z,TestID_LeftWrist_IMU.csv,2018-03-15T06:16:44.543817Z,2015-11-12 15:48:30,316,948,65.3533417662203,0.698861001608708,0.228206934607172,0.581570799845463,0.308171001750407,S,0.259240742626799,0.772452019914254,0
Test,TestID_LeftWrist_RAW.csv,2018-03-15T06:16:35.396961Z,TestID_LeftWrist_IMU.csv,2018-03-15T06:16:44.543817Z,2015-11-12 15:48:31,316,948,65.2006195311003,0.693611997117215,0.215998208923826,0.580208591116101,0.30772677084477,S,0.259240742626799,0.776736624893375,0
Test,TestID_LeftWrist_RAW.csv,2018-03-15T06:16:35.396961Z,TestID_LeftWrist_IMU.csv,2018-03-15T06:16:44.543817Z,2015-11-12 15:48:32,316,948,65.5866000876557,0.696087776614761,0.230621320049755,0.574343691869973,0.314288159467906,S,0.259240742626799,0.776736624893375,0
Test,TestID_LeftWrist_RAW.csv,2018-03-15T06:16:35.396961Z,TestID_LeftWrist_IMU.csv,2018-03-15T06:16:44.543817Z,2015-11-12 15:48:33,316,948,65.9738903026351,0.693475239526188,0.229667098158203,0.573828037687435,0.309550442853422,S,0.325371329770916,0.796201087948448,0
Test,TestID_LeftWrist_RAW.csv,2018-03-15T06:16:35.396961Z,TestID_LeftWrist_IMU.csv,2018-03-15T06:16:44.543817Z,2015-11-12 15:48:34,316,948,65.1501890682141,0.687214361801189,0.231105381807802,0.570141483081639,0.301370438637798,S,0.372065770273312,0.853261392173356,0
Test,TestID_LeftWrist_RAW.csv,2018-03-15T06:16:35.396961Z,TestID_LeftWrist_IMU.csv,2018-03-15T06:16:44.543817Z,2015-11-12 15:48:35,316,948,65.6322618672391,0.701719807312636,0.246774405869731,0.574107380837408,0.31424075282853,S,0.375641195672846,0.853261392173356,0
Test,TestID_LeftWrist_RAW.csv,2018-03-15T06:16:35.396961Z,TestID_LeftWrist_IMU.csv,2018-03-15T06:16:44.543817Z,2015-11-12 15:48:36,316,948,65.4743627512431,0.707144782162912,0.240435634814785,0.583068477264679,0.315182944972136,S,0.375641195672846,0.853261392173356,0
Test,TestID_LeftWrist_RAW.csv,2018-03-15T06:16:35.396961Z,TestID_LeftWrist_IMU.csv,2018-03-15T06:16:44.543817Z,2015-11-12 15:48:37,316,948,64.3831472914059,0.704468071691504,0.24594899374008,0.581191580499036,0.308714108468426,S,0.634260973811836,0.853261392173356,0
Test,TestID_LeftWrist_RAW.csv,2018-03-15T06:16:35.396961Z,TestID_LeftWrist_IMU.csv,2018-03-15T06:16:44.543817Z,2015-11-12 15:48:38,316,948,65.4312266937637,0.696287479651195,0.219210568060141,0.584543141200495,0.302062564158856,S,0.634260973811836,0.853261392173356,0
Test,TestID_LeftWrist_RAW.csv,2018-03-15T06:16:35.396961Z,TestID_LeftWrist_IMU.csv,2018-03-15T06:16:44.543817Z,2015-11-12 15:48:39,316,948,64.0626216876825,0.693035034251447,0.233128109726591,0.570047228566757,0.312971381386989,S,0.80069075550125,0.8563197661988,0
Test,TestID_LeftWrist_RAW.csv,2018-03-15T06:16:35.396961Z,TestID_LeftWrist_IMU.csv,2018-03-15T06:16:44.543817Z,2015-11-12 15:48:40,316,948,65.0356912630969,0.691340983661851,0.226959844172805,0.572997565812056,0.308511727230972,S,0.80069075550125,0.891014687061189,0
Test,TestID_LeftWrist_RAW.csv,2018-03-15T06:16:35.396961Z,TestID_LeftWrist_IMU.csv,2018-03-15T06:16:44.543817Z,2015-11-12 15:48:41,316,948,64.6599561297649,0.687616035811495,0.222772408128501,0.570839662885105,0.307581744814946,S,0.80069075550125,0.973298471188248,0
Test,TestID_LeftWrist_RAW.csv,2018-03-15T06:16:35.396961Z,TestID_LeftWrist_IMU.csv,2018-03-15T06:16:44.543817Z,2015-11-12 15:48:42,316,948,65.3706237530741,0.710115759406166,0.238124046884055,0.582848693384048,0.324054869867933,S,0.80069075550125,1.16800742703171,0
Test,TestID_LeftWrist_RAW.csv,2018-03-15T06:16:35.396961Z,TestID_LeftWrist_IMU.csv,2018-03-15T06:16:44.543817Z,2015-11-12 15:48:43,316,948,65.3550285240812,0.704507511631425,0.230677636937407,0.585349806110596,0.311872083845864,S,0.80069075550125,1.16951577384801,0
Test,TestID_LeftWrist_RAW.csv,2018-03-15T06:16:35.396961Z,TestID_LeftWrist_IMU.csv,2018-03-15T06:16:44.543817Z,2015-11-12 15:48:44,316,948,65.2108011713153,0.711567632506852,0.245224742056808,0.582662151510876,0.320929632394178,S,0.803035977610501,1.16951577384801,0
Test,TestID_LeftWrist_RAW.csv,2018-03-15T06:16:35.396961Z,TestID_LeftWrist_IMU.csv,2018-03-15T06:16:44.543817Z,2015-11-12 15:48:45,316,948,64.1259961091663,0.705081124083811,0.22471480740487,0.586766708498558,0.315701552170321,S,0.811243372718772,1.15982290064211,0
Test,TestID_LeftWrist_RAW.csv,2018-03-15T06:16:35.396961Z,TestID_LeftWrist_IMU.csv,2018-03-15T06:16:44.543817Z,2015-11-12 15:48:46,316,948,65.1194083850641,0.696758485082657,0.231308733906437,0.580416867988242,0.303266265773404,S,0.754827819955704,1.15982290064211,0
Test,TestID_LeftWrist_RAW.csv,2018-03-15T06:16:35.396961Z,TestID_LeftWrist_IMU.csv,2018-03-15T06:16:44.543817Z,2015-11-12 15:48:47,316,948,65.8067170327456,0.684091204780358,0.223948993977821,0.560226457426432,0.316323651539861,S,0.754827819955704,1.15982290064211,0
Test,TestID_LeftWrist_RAW.csv,2018-03-15T06:16:35.396961Z,TestID_LeftWrist_IMU.csv,2018-03-15T06:16:44.543817Z,2015-11-12 15:48:48,316,948,65.4414746945491,0.686579463747613,0.22155408115148,0.563992800659373,0.318439870878218,S,0.751866396321127,1.11555759368812,0
Test,TestID_LeftWrist_RAW.csv,2018-03-15T06:16:35.396961Z,TestID_LeftWrist_IMU.csv,2018-03-15T06:16:44.543817Z,2015-11-12 15:48:49,316,948,66.153965777275,0.692597536803182,0.229013356056257,0.574042354357506,0.307134866681091,S,0.751866396321127,0.782441467184755,0
Test,TestID_LeftWrist_RAW.csv,2018-03-15T06:16:35.396961Z,TestID_LeftWrist_IMU.csv,2018-03-15T06:16:44.543817Z,2015-11-12 15:48:50,316,948,65.4234576573202,0.704589214747328,0.233693804429927,0.584472806599828,0.311334678878019,S,0.751866396321127,0.493872335096315,0
Test,TestID_LeftWrist_RAW.csv,2018-03-15T06:16:35.396961Z,TestID_LeftWrist_IMU.csv,2018-03-15T06:16:44.543817Z,2015-11-12 15:48:51,316,948,66.2082446644206,0.702190056539967,0.229377624940783,0.578705832695058,0.319682293918107,S,0.751866396321127,0.493872335096315,0
Test,TestID_LeftWrist_RAW.csv,2018-03-15T06:16:35.396961Z,TestID_LeftWrist_IMU.csv,2018-03-15T06:16:44.543817Z,2015-11-12 15:48:52,316,948,65.6501361977377,0.705545478781088,0.238108446392788,0.578429076329527,0.321590274003481,S,0.602736172039788,0.493872335096315,0
Test,TestID_LeftWrist_RAW.csv,2018-03-15T06:16:35.396961Z,TestID_LeftWrist_IMU.csv,2018-03-15T06:16:44.543817Z,2015-11-12 15:48:53,316,948,65.2781211000786,0.703414737966957,0.231319517282391,0.576619946763152,0.32610606744612,S,0.580288207783824,0.493872335096315,0
Test,TestID_LeftWrist_RAW.csv,2018-03-15T06:16:35.396961Z,TestID_LeftWrist_IMU.csv,2018-03-15T06:16:44.543817Z,2015-11-12 15:48:54,316,948,64.9626231414345,0.704446673142459,0.247156267236686,0.580045803941015,0.309371932403123,S,0.549791398233674,0.493872335096315,0
Test,TestID_LeftWrist_RAW.csv,2018-03-15T06:16:35.396961Z,TestID_LeftWrist_IMU.csv,2018-03-15T06:16:44.543817Z,2015-11-12 15:48:55,316,948,64.6829506510926,0.714771613191464,0.254082829994068,0.586476519570803,0.315041753441987,S,0.549791398233674,0.493872335096315,0
Test,TestID_LeftWrist_RAW.csv,2018-03-15T06:16:35.396961Z,TestID_LeftWrist_IMU.csv,2018-03-15T06:16:44.543817Z,2015-11-12 15:48:56,316,948,65.0367675264732,0.706547718759657,0.245910525049202,0.576103886860218,0.3211116568245,S,0.549791398233674,0.493872335096315,0
Test,TestID_LeftWrist_RAW.csv,2018-03-15T06:16:35.396961Z,TestID_LeftWrist_IMU.csv,2018-03-15T06:16:44.543817Z,2015-11-12 15:48:57,316,948,65.2056630503267,0.706593025415155,0.251349489315279,0.581073059277463,0.309421150981022,S,0.549791398233674,0.493872335096315,0
Test,TestID_LeftWrist_RAW.csv,2018-03-15T06:16:35.396961Z,TestID_LeftWrist_IMU.csv,2018-03-15T06:16:44.543817Z,2015-11-12 15:48:58,316,948,64.3004515604588,0.707919176675531,0.241052332365836,0.584300604748851,0.314868495137035,S,0.549791398233674,0.493872335096315,0
Test,TestID_LeftWrist_RAW.csv,2018-03-15T06:16:35.396961Z,TestID_LeftWrist_IMU.csv,2018-03-15T06:16:44.543817Z,2015-11-12 15:48:59,316,948,65.5151976306257,0.704460918206472,0.233317081471071,0.584726716188523,0.311308233216673,S,0.549791398233674,0.493872335096315,0
Test,TestID_LeftWrist_RAW.csv,2018-03-15T06:16:35.396961Z,TestID_LeftWrist_IMU.csv,2018-03-15T06:16:44.543817Z,2015-11-12 15:49:00,316,949,64.9072911856848,0.710664339219823,0.239337679470391,0.587189413830296,0.317293576864413,S,0.549791398233674,0.52722357265004,0
Test,TestID_LeftWrist_RAW.csv,2018-03-15T06:16:35.396961Z,TestID_LeftWrist_IMU.csv,2018-03-15T06:16:44.543817Z,2015-11-12 15:49:01,316,949,64.9723102677598,0.712871666531543,0.254306505186988,0.581573110229661,0.319208026785305,S,0.549791398233674,0.541577270042226,0
Test,TestID_LeftWrist_RAW.csv,2018-03-15T06:16:35.396961Z,TestID_LeftWrist_IMU.csv,2018-03-15T06:16:44.543817Z,2015-11-12 15:49:02,316,949,64.4143733452211,0.703578349263309,0.240103760601657,0.579336905338737,0.314530887107709,S,0.549791398233674,0.565878757439633,0
Test,TestID_LeftWrist_RAW.csv,2018-03-15T06:16:35.396961Z,TestID_LeftWrist_IMU.csv,2018-03-15T06:16:44.543817Z,2015-11-12 15:49:03,316,949,64.8206076919848,0.702940818631961,0.246283420861059,0.580401281420638,0.306844908756054,S,0.549791398233674,0.5739012026771,0
Test,TestID_LeftWrist_RAW.csv,2018-03-15T06:16:35.396961Z,TestID_LeftWrist_IMU.csv,2018-03-15T06:16:44.543817Z,2015-11-12 15:49:04,316,949,64.586797536677,0.699317000643666,0.237554684613659,0.57487094293114,0.314981764956509,S,0.552168749892569,0.634913867450443,0
Test,TestID_LeftWrist_RAW.csv,2018-03-15T06:16:35.396961Z,TestID_LeftWrist_IMU.csv,2018-03-15T06:16:44.543817Z,2015-11-12 15:49:05,316,949,64.7945242510446,0.713230890950776,0.236841706594483,0.590910555981709,0.315516718196584,S,0.552168749892569,0.634913867450443,0
Test,TestID_LeftWrist_RAW.csv,2018-03-15T06:16:35.396961Z,TestID_LeftWrist_IMU.csv,2018-03-15T06:16:44.543817Z,2015-11-12 15:49:06,316,949,64.7773980392088,0.700106835400021,0.228336499603194,0.57854155111224,0.316714988631638,S,0.552168749892569,0.703305498463276,0
Test,TestID_LeftWrist_RAW.csv,2018-03-15T06:16:35.396961Z,TestID_LeftWrist_IMU.csv,2018-03-15T06:16:44.543817Z,2015-11-12 15:49:07,316,949,64.2686900067901,0.697973172961853,0.238532203274476,0.578041624617946,0.305194786380523,S,0.573017105521305,0.748210456526751,0
Test,TestID_LeftWrist_RAW.csv,2018-03-15T06:16:35.396961Z,TestID_LeftWrist_IMU.csv,2018-03-15T06:16:44.543817Z,2015-11-12 15:49:08,316,949,63.804732483797,0.692986539409062,0.21678985807135,0.57375526188309,0.317893492159936,S,0.708649991401116,0.748210456526751,0
Test,TestID_LeftWrist_RAW.csv,2018-03-15T06:16:35.396961Z,TestID_LeftWrist_IMU.csv,2018-03-15T06:16:44.543817Z,2015-11-12 15:49:09,316,949,63.0081790637377,0.711443334406486,0.228318510198349,0.590107344250923,0.320422096779214,S,0.832117462739122,0.748210456526751,0
Test,TestID_LeftWrist_RAW.csv,2018-03-15T06:16:35.396961Z,TestID_LeftWrist_IMU.csv,2018-03-15T06:16:44.543817Z,2015-11-12 15:49:10,316,949,64.2247886532971,0.702441955739498,0.223194919138685,0.586099780137009,0.31205500733172,S,0.832117462739122,0.748210456526751,0
Test,TestID_LeftWrist_RAW.csv,2018-03-15T06:16:35.396961Z,TestID_LeftWrist_IMU.csv,2018-03-15T06:16:44.543817Z,2015-11-12 15:49:11,316,949,63.7490834067279,0.700960404665869,0.224801338423034,0.581492465545028,0.315467738521717,S,0.832117462739122,0.748210456526751,0
Test,TestID_LeftWrist_RAW.csv,2018-03-15T06:16:35.396961Z,TestID_LeftWrist_IMU.csv,2018-03-15T06:16:44.543817Z,2015-11-12 15:49:12,316,949,64.7180305064438,0.706713148450676,0.237210917334077,0.579868852211545,0.32229690321785,S,0.832117462739122,0.748210456526751,0
Test,TestID_LeftWrist_RAW.csv,2018-03-15T06:16:35.396961Z,TestID_LeftWrist_IMU.csv,2018-03-15T06:16:44.543817Z,2015-11-12 15:49:13,316,949,64.5524567690217,0.69757272821893,0.222289533049305,0.571432110209045,0.326465292337574,S,0.832117462739122,0.748210456526751,0
Test,TestID_LeftWrist_RAW.csv,2018-03-15T06:16:35.396961Z,TestID_LeftWrist_IMU.csv,2018-03-15T06:16:44.543817Z,2015-11-12 15:49:14,316,949,64.4210231613982,0.698691347839836,0.226544658637475,0.580383206062033,0.310740265617174,S,0.832117462739122,0.748210456526751,0
Test,TestID_LeftWrist_RAW.csv,2018-03-15T06:16:35.396961Z,TestID_LeftWrist_IMU.csv,2018-03-15T06:16:44.543817Z,2015-11-12 15:49:15,316,949,63.4498996253655,0.697293479522489,0.218433064887237,0.582803647793934,0.309374819589339,S,0.832117462739122,0.748210456526751,0
Test,TestID_LeftWrist_RAW.csv,2018-03-15T06:16:35.396961Z,TestID_LeftWrist_IMU.csv,2018-03-15T06:16:44.543817Z,2015-11-12 15:49:16,316,949,64.2630382976705,0.678701137936138,0.214157545569224,0.562747249721354,0.307522910708414,S,0.832117462739122,1.24591890106747,0
Test,TestID_LeftWrist_RAW.csv,2018-03-15T06:16:35.396961Z,TestID_LeftWrist_IMU.csv,2018-03-15T06:16:44.543817Z,2015-11-12 15:49:17,316,949,63.6777572740783,0.677561011891429,0.223476905003627,0.55427569783726,0.314473351499183,S,0.841166855837956,1.42037454942549,0
Test,TestID_LeftWrist_RAW.csv,2018-03-15T06:16:35.396961Z,TestID_LeftWrist_IMU.csv,2018-03-15T06:16:44.543817Z,2015-11-12 15:49:18,316,949,65.1983804383377,0.68741673046681,0.218561679092466,0.571134661394973,0.307676832684836,S,0.863875997520858,1.10051273449551,0
Test,TestID_LeftWrist_RAW.csv,2018-03-15T06:16:35.396961Z,TestID_LeftWrist_IMU.csv,2018-03-15T06:16:44.543817Z,2015-11-12 15:49:19,316,949,63.1589794965009,0.695051243361566,0.227101784807019,0.569530232004137,0.322836099037315,S,0.769298960083903,1.01130103787179,0
Test,TestID_LeftWrist_RAW.csv,2018-03-15T06:16:35.396961Z,TestID_LeftWrist_IMU.csv,2018-03-15T06:16:44.543817Z,2015-11-12 15:49:20,316,949,63.7021191006397,0.708766161135083,0.234891424777458,0.582398285376367,0.324098569992878,S,0.74245074451737,0.969496920124671,0
Test,TestID_LeftWrist_RAW.csv,2018-03-15T06:16:35.396961Z,TestID_LeftWrist_IMU.csv,2018-03-15T06:16:44.543817Z,2015-11-12 15:49:21,316,949,63.8596438060773,0.700069913265263,0.241040171249224,0.580955724296889,0.3032468149519,S,0.74245074451737,0.969496920124671,0
Test,TestID_LeftWrist_RAW.csv,2018-03-15T06:16:35.396961Z,TestID_LeftWrist_IMU.csv,2018-03-15T06:16:44.543817Z,2015-11-12 15:49:22,316,949,63.6830043478881,0.714381027961986,0.241660738818975,0.58598018227995,0.324992403068731,S,0.74245074451737,0.969496920124671,0
Test,TestID_LeftWrist_RAW.csv,2018-03-15T06:16:35.396961Z,TestID_LeftWrist_IMU.csv,2018-03-15T06:16:44.543817Z,2015-11-12 15:49:23,316,949,64.0891003483915,0.700644740949715,0.228350888826503,0.577950421654145,0.319040364649611,S,0.74245074451737,0.969496920124671,0
Test,TestID_LeftWrist_RAW.csv,2018-03-15T06:16:35.396961Z,TestID_LeftWrist_IMU.csv,2018-03-15T06:16:44.543817Z,2015-11-12 15:49:24,316,949,63.911782367714,0.698026485744217,0.222867605377422,0.581680605402004,0.31017948902919,S,0.74245074451737,0.969496920124671,0
Test,TestID_LeftWrist_RAW.csv,2018-03-15T06:16:35.396961Z,TestID_LeftWrist_IMU.csv,2018-03-15T06:16:44.543817Z,2015-11-12 15:49:25,316,949,64.7428323035598,0.691995859649598,0.218914108326392,0.571321811715485,0.319057341554378,S,0.74245074451737,0.951646380512386,0
Test,TestID_LeftWrist_RAW.csv,2018-03-15T06:16:35.396961Z,TestID_LeftWrist_IMU.csv,2018-03-15T06:16:44.543817Z,2015-11-12 15:49:26,316,949,63.551210700868,0.699142816999506,0.224102535086848,0.578663294092598,0.316738706842499,S,0.74245074451737,0.764624195805362,0
Test,TestID_LeftWrist_RAW.csv,2018-03-15T06:16:35.396961Z,TestID_LeftWrist_IMU.csv,2018-03-15T06:16:44.543817Z,2015-11-12 15:49:27,316,949,63.0081606547179,0.699611878249751,0.219720228250168,0.583413429697826,0.313761583535025,S,0.74245074451737,0.70647826380653,0
Test,TestID_LeftWrist_RAW.csv,2018-03-15T06:16:35.396961Z,TestID_LeftWrist_IMU.csv,2018-03-15T06:16:44.543817Z,2015-11-12 15:49:28,316,949,64.0466387007734,0.710429658148471,0.24039363975807,0.584142075811325,0.320272136174144,S,0.740642986663492,0.63999125400254,0
Test,TestID_LeftWrist_RAW.csv,2018-03-15T06:16:35.396961Z,TestID_LeftWrist_IMU.csv,2018-03-15T06:16:44.543817Z,2015-11-12 15:49:29,316,949,63.2916783031391,0.706708438831131,0.23691518642947,0.587101604579927,0.309560160927564,S,0.729736586909257,0.619427500377744,0
Test,TestID_LeftWrist_RAW.csv,2018-03-15T06:16:35.396961Z,TestID_LeftWrist_IMU.csv,2018-03-15T06:16:44.543817Z,2015-11-12 15:49:30,316,949,63.5467161447906,0.715620293469215,0.252048041266216,0.585419954746196,0.320513030157066,S,0.729736586909257,0.619427500377744,0
Test,TestID_LeftWrist_RAW.csv,2018-03-15T06:16:35.396961Z,TestID_LeftWrist_IMU.csv,2018-03-15T06:16:44.543817Z,2015-11-12 15:49:31,316,949,63.2568128828638,0.701648332375164,0.235789698524831,0.579226106240527,0.313020984250869,S,0.729736586909257,0.469834123720164,0
Test,TestID_LeftWrist_RAW.csv,2018-03-15T06:16:35.396961Z,TestID_LeftWrist_IMU.csv,2018-03-15T06:16:44.543817Z,2015-11-12 15:49:32,316,949,64.4803462632581,0.707616095759638,0.234166409252164,0.588764890414029,0.310246852775489,S,0.729736586909257,0.448820931131139,0
Test,TestID_LeftWrist_RAW.csv,2018-03-15T06:16:35.396961Z,TestID_LeftWrist_IMU.csv,2018-03-15T06:16:44.543817Z,2015-11-12 15:49:33,316,949,64.0084279866045,0.706900994011918,0.241125818011978,0.58252045949456,0.313764472791139,S,0.729736586909257,0.448820931131139,0
Test,TestID_LeftWrist_RAW.csv,2018-03-15T06:16:35.396961Z,TestID_LeftWrist_IMU.csv,2018-03-15T06:16:44.543817Z,2015-11-12 15:49:34,316,949,63.3282261380856,0.701443253888311,0.242262176509476,0.576070166338336,0.313590668106007,S,0.729736586909257,0.448820931131139,0
Test,TestID_LeftWrist_RAW.csv,2018-03-15T06:16:35.396961Z,TestID_LeftWrist_IMU.csv,2018-03-15T06:16:44.543817Z,2015-11-12 15:49:35,316,949,63.0532197097466,0.700681947822307,0.236160934538365,0.574985814510911,0.318629480510281,S,0.729736586909257,0.448820931131139,0
Test,TestID_LeftWrist_RAW.csv,2018-03-15T06:16:35.396961Z,TestID_LeftWrist_IMU.csv,2018-03-15T06:16:44.543817Z,2015-11-12 15:49:36,316,949,63.760094994484,0.705538316919111,0.245251159847671,0.58206822049626,0.31000320214355,S,0.729736586909257,0.437765846417348,0
Test,TestID_LeftWrist_RAW.csv,2018-03-15T06:16:35.396961Z,TestID_LeftWrist_IMU.csv,2018-03-15T06:16:44.543817Z,2015-11-12 15:49:37,316,949,64.181845543925,0.705702208339216,0.243841855781374,0.577141339965723,0.320848048566018,S,0.729736586909257,0.437765846417348,0
Test,TestID_LeftWrist_RAW.csv,2018-03-15T06:16:35.396961Z,TestID_LeftWrist_IMU.csv,2018-03-15T06:16:44.543817Z,2015-11-12 15:49:38,316,949,63.36888654196,0.702853999322515,0.236586444445682,0.581376890066871,0.311712003138398,S,0.729736586909257,0.437765846417348,0
Test,TestID_LeftWrist_RAW.csv,2018-03-15T06:16:35.396961Z,TestID_LeftWrist_IMU.csv,2018-03-15T06:16:44.543817Z,2015-11-12 15:49:39,316,949,64.476103744488,0.711309626447095,0.249141966700309,0.587827034319979,0.309201836731593,S,0.723309043774508,0.437765846417348,0
Test,TestID_LeftWrist_RAW.csv,2018-03-15T06:16:35.396961Z,TestID_LeftWrist_IMU.csv,2018-03-15T06:16:44.543817Z,2015-11-12 15:49:40,316,949,64.576006281888,0.705756021060732,0.246584678841898,0.587196098277917,0.298437182280079,S,0.675278701998608,0.437765846417348,0
Test,TestID_LeftWrist_RAW.csv,2018-03-15T06:16:35.396961Z,TestID_LeftWrist_IMU.csv,2018-03-15T06:16:44.543817Z,2015-11-12 15:49:41,316,949,64.0732355572112,0.703343369169496,0.244070413834541,0.576177828862592,0.316212670713867,S,0.641155017509195,0.437765846417348,0
Test,TestID_LeftWrist_RAW.csv,2018-03-15T06:16:35.396961Z,TestID_LeftWrist_IMU.csv,2018-03-15T06:16:44.543817Z,2015-11-12 15:49:42,316,949,64.3153684499424,0.708549499910123,0.257484381619893,0.581776755692522,0.308051430383413,S,0.641155017509195,0.437765846417348,0
Test,TestID_LeftWrist_RAW.csv,2018-03-15T06:16:35.396961Z,TestID_LeftWrist_IMU.csv,2018-03-15T06:16:44.543817Z,2015-11-12 15:49:43,316,949,63.6159368965622,0.702908753021455,0.240525041693883,0.580805417393005,0.310185890092687,S,0.641155017509195,0.437765846417348,0
Test,TestID_LeftWrist_RAW.csv,2018-03-15T06:16:35.396961Z,TestID_LeftWrist_IMU.csv,2018-03-15T06:16:44.543817Z,2015-11-12 15:49:44,316,949,63.2969372734351,0.702371760708119,0.234513607412492,0.581865319389688,0.310719647130392,S,0.641155017509195,0.437765846417348,0
Test,TestID_LeftWrist_RAW.csv,2018-03-15T06:16:35.396961Z,TestID_LeftWrist_IMU.csv,2018-03-15T06:16:44.543817Z,2015-11-12 15:49:45,316,949,64.4200013422505,0.701348796349252,0.23600136314548,0.581632695905506,0.308300651929568,S,0.639441943103906,0.437765846417348,0
Test,TestID_LeftWrist_RAW.csv,2018-03-15T06:16:35.396961Z,TestID_LeftWrist_IMU.csv,2018-03-15T06:16:44.543817Z,2015-11-12 15:49:46,316,949,63.7136076466305,0.697288042868565,0.230298131166948,0.582308198970905,0.301569662406117,S,0.510254562106162,0.555239248591806,0
Test,TestID_LeftWrist_RAW.csv,2018-03-15T06:16:35.396961Z,TestID_LeftWrist_IMU.csv,2018-03-15T06:16:44.543817Z,2015-11-12 15:49:47,316,949,63.3965517764835,0.6947551072573,0.230458565330849,0.573154047311438,0.313045259456223,S,0.510254562106162,0.689184314600544,0
Test,TestID_LeftWrist_RAW.csv,2018-03-15T06:16:35.396961Z,TestID_LeftWrist_IMU.csv,2018-03-15T06:16:44.543817Z,2015-11-12 15:49:48,316,949,64.034113160514,0.691694881718635,0.229567476563454,0.574868681600742,0.30266818286033,S,0.510254562106162,0.753621748242117,0
Test,TestID_LeftWrist_RAW.csv,2018-03-15T06:16:35.396961Z,TestID_LeftWrist_IMU.csv,2018-03-15T06:16:44.543817Z,2015-11-12 15:49:49,316,949,64.0475522535155,0.70577194319213,0.243611738754567,0.587252549689453,0.300983634268592,S,0.510254562106162,0.753621748242117,0
Test,TestID_LeftWrist_RAW.csv,2018-03-15T06:16:35.396961Z,TestID_LeftWrist_IMU.csv,2018-03-15T06:16:44.543817Z,2015-11-12 15:49:50,316,949,63.3358943158697,0.686405473945451,0.232129851218416,0.573047379275332,0.292936275874329,S,0.510254562106162,0.934224609550189,0
Test,TestID_LeftWrist_RAW.csv,2018-03-15T06:16:35.396961Z,TestID_LeftWrist_IMU.csv,2018-03-15T06:16:44.543817Z,2015-11-12 15:49:51,316,949,63.1944035410015,0.701574251583073,0.24028462345054,0.577322138695686,0.313524680875471,S,0.510254562106162,0.934224609550189,0
Test,TestID_LeftWrist_RAW.csv,2018-03-15T06:16:35.396961Z,TestID_LeftWrist_IMU.csv,2018-03-15T06:16:44.543817Z,2015-11-12 15:49:52,316,949,64.0721781070596,0.707421889592446,0.242888435259341,0.589167507930341,0.303050298948942,S,0.510254562106162,0.934224609550189,0
Test,TestID_LeftWrist_RAW.csv,2018-03-15T06:16:35.396961Z,TestID_LeftWrist_IMU.csv,2018-03-15T06:16:44.543817Z,2015-11-12 15:49:53,316,949,63.5656509023931,0.70533441486889,0.225858797545698,0.593629872304702,0.301285243660261,S,0.510254562106162,0.934224609550189,0
Test,TestID_LeftWrist_RAW.csv,2018-03-15T06:16:35.396961Z,TestID_LeftWrist_IMU.csv,2018-03-15T06:16:44.543817Z,2015-11-12 15:49:54,316,949,63.3708473458739,0.709669610182972,0.246806148465491,0.590313544583684,0.302202202543346,S,0.510254562106162,0.934224609550189,0
Test,TestID_LeftWrist_RAW.csv,2018-03-15T06:16:35.396961Z,TestID_LeftWrist_IMU.csv,2018-03-15T06:16:44.543817Z,2015-11-12 15:49:55,316,949,63.7274116119585,0.697270203875721,0.228235802985878,0.576756267730887,0.313142430478879,S,0.510254562106162,0.934224609550189,0
Test,TestID_LeftWrist_RAW.csv,2018-03-15T06:16:35.396961Z,TestID_LeftWrist_IMU.csv,2018-03-15T06:16:44.543817Z,2015-11-12 15:49:56,316,949,63.7665112571995,0.701373949480771,0.231839487180225,0.576724474301808,0.319631542609427,S,0.512810151257467,0.934224609550189,0
Test,TestID_LeftWrist_RAW.csv,2018-03-15T06:16:35.396961Z,TestID_LeftWrist_IMU.csv,2018-03-15T06:16:44.543817Z,2015-11-12 15:49:57,316,949,63.0428795397961,0.699222998577324,0.240456574703103,0.575756857200306,0.310238500495688,S,0.586183832873634,0.934224609550189,
Test,TestID_LeftWrist_RAW.csv,2018-03-15T06:16:35.396961Z,TestID_LeftWrist_IMU.csv,2018-03-15T06:16:44.543817Z,2015-11-12 15:49:58,316,949,62.8881448221705,0.702645285325894,0.233088256753543,0.588816848946082,0.298607108264988,S,0.637425833313599,0.934224609550189,
